steering,acceleration,brake
0,0,0
0,0,0
0,0,0
0,0,0
0,0,0
0,0,0
0,0,0
0,0,0
0,0,0
0,0,0
0,0,0
0,0,0
0,0,0
0,0,0
0,0,0
0,0,0
0,0,0
0,0,0
0,0,0
0,0,0
0,0,0
0,0,0
0,0,0
0,0,0
0,0,0
0,0,0
0,0,0
0,0,0
0,0,0
0,0,0
0,0,0
0,0,0
0,0,0
0,0,0
0,0,0
0,0,0
0,0,0
0,0,0
0,0,0
0,0,0
0,0,0
0,0,0
0,0,0
0,0,0
0,0,0
0,0,0
0,0,0
0,0,0
0,0,0
0,0,0
0,0,0
0,0,0
0,0,0
0,0,0
0,0,0
0,0,0
0,0,0457905,0
0,0,056691,0
0,0,0679323,0
0,0,0741453,0
0,0,0804717,0
0,0,0888957,0
0,0,0956331,0
0,0,1036506,0
0,0,1164291,0
0,0,1263009,0
0,0,1385187,0
0,0,1470318,0
0,0,1538706,0
0,0,160428,0
0,0,1688778,0
0,0,177549,0
0,0,1850061,0
0,0,193761,0
0,0,2007405,0
0,0,2076804,0
0,0,2154915,0
0,0,2262102,0
0,0,234345,0
0,0,243417,0
0,0,251142,0
0,0,2558865,0
0,0,2610102,0
0,0,2663778,0
0,0,2744124,0
0,0,280782,0
0,0,2882952,0
0,0,2971584,0
0,0,3045669,0
0,0,3125109,0
0,0,3563499,0
0,0,3643914,0
0,0,370542,0
0,0,3808491,0
0,0,3875913,0
0,0,3941748,0
0,0,4028389,0
0,0,4100367,0
0,0,4197105,0
0,0,4312572,0
0,0,4367679,0
0,0,4424892,0
0,0,4481454,0
0,0,4554538,0
0,0,4641427,0
0,0,4716597,0
0,0,4790269,0
0,0,4875964,0
0,0,4938556,0
0,0,5011272,0
0,0,5085433,0
0,0,5151166,0
0,0,5260216,0
0,0,5336863,0
0,0,5399689,0
0,0,5474389,0
0,0,552976,0
0,0,5602831,0
0,0,5681059,0
0,0,5751334,0
0,0,5830606,0
0,0,5915695,0
0,0,5976101,0
0,0,6066868,0
0,0,6144697,0
0,0,6257401,0
0,0,6337234,0
0,0,6430498,0
0,0,6498874,0
0,0,6550909,0
0,0,663019,0
0,0,6709102,0
0,0,6777994,0
0,0,6839866,0
0,0,6929095,0
0,0,6987184,0
0,0,7051645,0
0,0,714649,0
0,0,7255657,0
0,0,7342201,0
0,0,7447036,0
0,0,7529557,0
0,0,75916,0
0,0,7657231,0
0,0,8033563,0
0,0,8130508,0
0,0,8226019,0
0,0,8329672,0
0,0,8393089,0
0,0,846346,0
0,0,8565268,0
0,0,8655118,0
0,0,8721208,0
0,0,8801527,0
0,0,8885929,0
0,0,8951665,0
0,0,9074932,0
0,0,9138424,0
0,0,9283273,0
0,0,9366139,0
0,0,9427981,0
0,0,9502223,0
0,0,9564551,0
0,0,9746833,0
0,0,9875354,0
0,0,9942241,0
0,1,0
0,1,0
0,1,0
0,1,0
0,1,0
0,1,0
0,1,0
0,1,0
0,1,0
0,1,0
0,1,0
0,1,0
0,1,0
0,1,0
0,1,0
0,1,0
0,1,0
0,1,0
0,1,0
0,1,0
0,1,0
0,1,0
0,1,0
0,1,0
0,1,0
0,1,0
0,1,0
0,1,0
0,1,0
0,1,0
0,1,0
0,1,0
0,1,0
0,1,0
0,1,0
0,1,0
0,1,0
0,1,0
0,1,0
0,1,0
0,1,0
0,1,0
0,1,0
0,1,0
0,1,0
0,1,0
0,1,0
0,1,0
0,1,0
0,1,0
0,1,0
0,1,0
0,1,0
0,1,0
0,1,0
0,1,0
0,1,0
0,1,0
0,1,0
0,1,0
0,1,0
0,1,0
0,1,0
0,1,0
0,1,0
0,1,0
0,1,0
0,1,0
0,1,0
0,1,0
0,1,0
0,1,0
0,1,0
0,1,0
0,1,0
0,1,0
0,1,0
0,1,0
0,1,0
0,1,0
0,1,0
0,1,0
0,1,0
0,1,0
0,1,0
0,1,0
0,1,0
0,1,0
0,1,0
0,1,0
0,1,0
0,1,0
0,1,0
0,1,0
0,1,0
0,1,0
0,1,0
0,1,0
0,1,0
0,1,0
0,1,0
0,1,0
0,1,0
0,1,0
0,1,0
0,1,0
0,1,0
0,1,0
0,1,0
0,1,0
0,1,0
0,1,0
0,1,0
0,1,0
0,1,0
0,1,0
0,1,0
0,1,0
0,1,0
0,1,0
0,1,0
0,1,0
0,1,0
0,1,0
0,1,0
0,1,0
0,1,0
0,1,0
0,1,0
0,1,0
0,1,0
0,1,0
0,1,0
0,1,0
0,1,0
0,1,0
0,1,0
0,1,0
0,1,0
0,1,0
0,1,0
0,1,0
0,1,0
0,1,0
0,1,0
0,1,0
0,1,0
0,1,0
0,1,0
0,1,0
0,1,0
0,1,0
0,1,0
0,1,0
0,1,0
0,1,0
0,1,0
0,1,0
0,1,0
0,1,0
0,1,0
0,1,0
0,1,0
0,1,0
0,1,0
0,1,0
0,1,0
0,1,0
0,1,0
0,1,0
0,1,0
0,1,0
0,1,0
0,1,0
0,1,0
0,1,0
0,1,0
0,1,0
0,1,0
0,1,0
0,1,0
0,1,0
0,1,0
0,1,0
0,1,0
0,1,0
0,1,0
0,1,0
0,1,0
0,1,0
0,1,0
0,1,0
0,1,0
0,1,0
0,1,0
0,1,0
0,1,0
0,1,0
0,1,0
0,1,0
0,1,0
0,1,0
0,1,0
0,1,0
0,1,0
0,1,0
0,1,0
0,1,0
0,1,0
0,1,0
0,1,0
0,1,0
0,1,0
0,1,0
0,1,0
0,1,0
0,1,0
0,1,0
0,1,0
0,1,0
0,1,0
0,1,0
0,1,0
0,1,0
0,1,0
0,1,0
0,1,0
0,1,0
0,1,0
0,1,0
0,1,0
0,1,0
0,1,0
0,1,0
0,1,0
0,1,0
0,1,0
0,1,0
0,1,0
0,1,0
0,1,0
0,1,0
0,1,0
0,1,0
0,1,0
0,1,0
0,1,0
0,1,0
0,1,0
0,1,0
0,1,0
0,1,0
0,1,0
0,1,0
0,1,0
0,1,0
0,1,0
0,1,0
0,1,0
0,1,0
0,1,0
0,1,0
0,1,0
0,1,0
0,1,0
0,1,0
0,1,0
0,1,0
0,1,0
0,1,0
0,1,0
0,1,0
0,1,0
0,1,0
0,1,0
0,1,0
0,1,0
0,1,0
0,1,0
0,1,0
0,1,0
0,1,0
0,1,0
0,1,0
0,1,0
0,1,0
0,1,0
0,1,0
0,1,0
0,1,0
0,1,0
0,1,0
0,1,0
0,1,0
0,1,0
0,1,0
0,1,0
0,1,0
0,1,0
0,1,0
0,1,0
0,1,0
0,1,0
0,1,0
0,1,0
0,1,0
0,1,0
0,1,0
0,1,0
0,1,0
0,1,0
0,1,0
0,1,0
0,1,0
0,1,0
0,1,0
0,1,0
0,1,0
0,1,0
0,1,0
0,1,0
0,1,0
0,1,0
0,1,0
0,1,0
0,1,0
0,1,0
0,1,0
0,1,0
0,1,0
0,1,0
0,1,0
0,1,0
0,1,0
0,1,0
0,1,0
0,1,0
0,1,0
0,1,0
0,1,0
0,1,0
0,1,0
0,1,0
0,1,0
0,1,0
0,1,0
0,1,0
0,1,0
0,1,0
0,1,0
0,1,0
0,1,0
0,1,0
0,1,0
0,1,0
0,1,0
0,1,0
0,1,0
0,1,0
0,1,0
0,1,0
0,1,0
0,1,0
0,1,0
0,1,0
0,1,0
0,1,0
0,1,0
0,1,0
0,1,0
0,1,0
0,1,0
0,1,0
0,1,0
0,1,0
0,1,0
0,1,0
0,1,0
0,1,0
0,1,0
0,1,0
0,1,0
0,1,0
0,1,0
0,1,0
0,1,0
0,1,0
0,1,0
0,1,0
0,1,0
0,1,0
0,1,0
0,1,0
0,1,0
0,1,0
0,1,0
0,1,0
0,1,0
0,1,0
0,1,0
0,1,0
0,1,0
0,1,0
0,1,0
0,1,0
0,1,0
0,1,0
0,1,0
0,1,0
0,1,0
0,1,0
0,1,0
0,1,0
0,1,0
0,1,0
0,1,0
0,1,0
0,1,0
0,1,0
0,1,0
0,1,0
0,1,0
0,1,0
0,1,0
0,1,0
0,1,0
0,1,0
0,1,0
0,1,0
0,1,0
0,1,0
0,1,0
0,1,0
0,1,0
0,1,0
0,1,0
0,1,0
0,1,0
0,1,0
0,1,0
0,1,0
0,1,0
0,1,0
0,1,0
0,1,0
0,1,0
0,1,0
0,1,0
0,1,0
0,1,0
0,1,0
0,1,0
0,1,0
0,1,0
0,1,0
0,1,0
0,1,0
0,1,0
0,1,0
0,1,0
0,1,0
0,1,0
0,1,0
0,1,0
0,1,0
0,1,0
0,1,0
0,1,0
0,1,0
0,1,0
0,1,0
0,1,0
0,1,0
0,1,0
0,1,0
0,1,0
0,1,0
0,1,0
0,1,0
0,1,0
0,1,0
0,1,0
0,1,0
0,1,0
0,1,0
0,1,0
0,1,0
0,1,0
0,1,0
0,1,0
0,1,0
0,1,0
0,1,0
0,1,0
0,1,0
0,1,0
0,1,0
0,1,0
0,1,0
0,1,0
0,1,0
0,1,0
0,1,0
0,1,0
0,1,0
0,1,0
0,1,0
0,1,0
0,1,0
0,1,0
0,1,0
0,1,0
0,1,0
0,1,0
0,1,0
0,1,0
0,1,0
0,1,0
0,0126858,1,0
0,0300141,1,0
0,0390504,1,0
0,0460155,1,0
0,0529866,1,0
0,0610467,1,0
0,0720285,1,0
0,082158,1,0
0,0882858,1,0
0,093843,1,0
0,1004652,1,0
0,1103604,1,0
0,1186602,1,0
0,1286883,1,0
0,1378323,1,0
0,1453896,1,0
0,1543101,1,0
0,1618029,1,0
0,169752,1,0
0,1794078,1,0
0,1861377,1,0
0,1960818,1,0
0,203058,1,0
0,2096721,1,0
0,2184237,1,0
0,2573703,1,0
0,2651946,1,0
0,2701452,1,0
0,2779134,1,0
0,2843988,1,0
0,2920137,1,0
0,3012066,1,0
0,3090751,1,0
0,3172722,1,0
0,3240879,1,0
0,3328789,1,0
0,341521,1,0
0,3251953,1,0
0,3157183,1,0
0,303586,1,0
0,2965405,1,0
0,2900905,1,0
0,2831536,1,0
0,275464,1,0
0,267886,1,0
0,2573404,1,0
0,2464432,1,0
0,2399512,1,0
0,2335423,1,0
0,2264314,1,0
0,2185162,1,0
0,2111347,1,0
0,2046178,1,0
0,1964044,1,0
0,187591,1,0
0,1776601,1,0
0,1712815,1,0
0,1649782,1,0
0,1546675,1,0
0,1447786,1,0
0,1373341,1,0
0,1288099,1,0
0,1230016,1,0
0,1139617,1,0
0,1072066,1,0
0,09955388,1,0
0,09079808,1,0
0,08383658,1,0
0,07692518,1,0
0,06805718,1,0
0,06102548,1,0
0,05310668,1,0
0,04441358,1,0
0,03707348,1,0
0,02974838,1,0
0,02150648,1,0
0,01203788,1,0
0,1,0
0,1,0
0,1,0
0,1,0
0,1,0
0,1,0
0,1,0
0,1,0
0,1,0
0,1,0
0,1,0
0,1,0
0,1,0
0,1,0
0,1,0
0,1,0
0,1,0
0,1,0
0,1,0
0,1,0
0,1,0
0,1,0
0,1,0
0,1,0
0,1,0
0,1,0
0,1,0
0,1,0
0,1,0
0,1,0
0,1,0
0,1,0
0,1,0
0,1,0
0,1,0
0,1,0
0,1,0
0,1,0
0,1,0
0,1,0
0,1,0
0,1,0
0,1,0
0,1,0
0,1,0
0,1,0
0,1,0
0,1,0
0,1,0
0,1,0
0,1,0
0,1,0
0,1,0
0,1,0
0,1,0
0,1,0
0,1,0
0,1,0
0,1,0
0,1,0
0,1,0
0,1,0
0,1,0
0,1,0
0,1,0
0,1,0
0,1,0
0,1,0
0,1,0
0,1,0
0,1,0
0,1,0
0,1,0
0,1,0
0,1,0
0,1,0
0,1,0
0,1,0
0,1,0
0,1,0
0,1,0
0,1,0
0,1,0
0,1,0
0,1,0
0,1,0
0,1,0
0,1,0
0,1,0
0,1,0
0,1,0
0,1,0
0,1,0
0,1,0
0,1,0
0,1,0
0,1,0
0,1,0
0,1,0
0,1,0
0,1,0
0,1,0
0,1,0
0,1,0
0,1,0
0,1,0
0,1,0
0,1,0
0,1,0
0,1,0
0,1,0
0,1,0
0,1,0
0,1,0
0,1,0
0,1,0
0,1,0
0,1,0
0,1,0
0,1,0
0,1,0
0,1,0
0,1,0
0,1,0
0,1,0
0,1,0
0,1,0
0,1,0
0,1,0
0,1,0
0,1,0
0,1,0
0,1,0
0,1,0
0,1,0
0,1,0
0,1,0
0,1,0
0,1,0
0,1,0
0,1,0
0,1,0
0,1,0
0,1,0
0,1,0
0,1,0
0,1,0
0,1,0
0,1,0
0,1,0
0,1,0
0,1,0
0,1,0
0,1,0
0,1,0
0,1,0
0,1,0
0,1,0
0,1,0
0,1,0
0,1,0
0,1,0
0,1,0
0,1,0
0,1,0
0,1,0
0,1,0
0,1,0
0,1,0
0,1,0
0,1,0
0,1,0
0,1,0
0,1,0
0,1,0
0,1,0
0,1,0
0,1,0
0,1,0
0,1,0
0,1,0
0,1,0
0,1,0
0,1,0
0,1,0
0,1,0
0,1,0
0,1,0
0,1,0
0,1,0
0,1,0
0,1,0
0,1,0
0,1,0
0,1,0
0,1,0
0,1,0
0,1,0
0,1,0
0,1,0
0,1,0
0,1,0
0,1,0
0,1,0
0,1,0
0,1,0
0,1,0
0,1,0
0,1,0
0,1,0
0,1,0
0,1,0
0,1,0
0,1,0
0,1,0
0,1,0
0,1,0
0,1,0
0,1,0
0,1,0
0,1,0
0,1,0
0,1,0
0,1,0
0,1,0
0,1,0
0,1,0
0,1,0
0,1,0
0,1,0
0,1,0
0,1,0
0,1,0
0,1,0
0,1,0
0,1,0
0,1,0
0,1,0
0,1,0
0,1,0
0,1,0
0,1,0
0,1,0
0,1,0
0,1,0
0,1,0
0,1,0
0,1,0
0,1,0
0,1,0
0,1,0
0,1,0
0,1,0
0,1,0
0,1,0
0,1,0
0,1,0
0,1,0
0,1,0
0,1,0
0,1,0
0,1,0
0,1,0
0,1,0
0,1,0
0,1,0
0,1,0
0,1,0
0,1,0
0,1,0
0,1,0
0,1,0
0,1,0
0,1,0
0,1,0
0,1,0
0,1,0
0,1,0
0,1,0
0,1,0
0,1,0
0,1,0
0,1,0
0,1,0
0,1,0
0,1,0
0,1,0
0,1,0
0,1,0
0,1,0
0,1,0
0,1,0
0,1,0
0,1,0
0,1,0
0,1,0
0,1,0
0,1,0
0,1,0
0,1,0
0,1,0
0,1,0
0,1,0
0,1,0
0,1,0
0,1,0
0,1,0
0,1,0
0,1,0
0,1,0
0,1,0
0,1,0
0,1,0
0,1,0
0,1,0
0,1,0
0,1,0
0,1,0
0,1,0
0,1,0
0,1,0
0,1,0
0,1,0
0,1,0
0,1,0
0,1,0
0,1,0
0,1,0
0,1,0
0,1,0
0,1,0
0,1,0
0,1,0
0,1,0
0,1,0
0,1,0
0,1,0
0,1,0
0,1,0
0,1,0
0,1,0
0,1,0
0,1,0
0,1,0
0,1,0
0,1,0
0,1,0
0,1,0
0,1,0
0,1,0
0,1,0
0,1,0
0,1,0
0,1,0
0,1,0
0,1,0
0,1,0
0,1,0
0,1,0
0,1,0
0,1,0
0,1,0
0,1,0
0,1,0
0,1,0
0,1,0
0,1,0
0,1,0
0,1,0
0,1,0
0,1,0
0,1,0
0,1,0
0,1,0
0,1,0
0,1,0
0,1,0
0,1,0
0,1,0
0,1,0
0,1,0
0,1,0
0,1,0
0,1,0
0,1,0
0,1,0
0,1,0
0,1,0
0,1,0
0,1,0
0,1,0
0,1,0
0,1,0
0,1,0
0,1,0
0,1,0
0,1,0
0,1,0
0,1,0
0,1,0
0,1,0
0,1,0
0,1,0
0,1,0
0,1,0
0,1,0
0,1,0
0,1,0
0,1,0
0,1,0
0,1,0
0,1,0
0,1,0
0,1,0
0,1,0
0,1,0
0,1,0
0,1,0
0,1,0
0,1,0
0,1,0
0,1,0
0,1,0
0,1,0
0,1,0
0,1,0
0,1,0
0,1,0
0,1,0
0,1,0
0,1,0
0,1,0
0,1,0
0,1,0
0,1,0
0,1,0
0,1,0
0,1,0
0,1,0
0,1,0
0,1,0
0,1,0
0,1,0
0,1,0
0,1,0
0,1,0
0,1,0
0,1,0
0,1,0
0,1,0
0,1,0
0,1,0
0,1,0
0,1,0
0,1,0
0,1,0
0,1,0
0,1,0
0,1,0
0,1,0
0,1,0
0,1,0
0,1,0
0,1,0
0,1,0
0,1,0
0,1,0
0,1,0
0,1,0
0,1,0
0,1,0
0,1,0
0,1,0
0,1,0
0,1,0
0,1,0
0,1,0
0,1,0
0,1,0
0,1,0
0,1,0
0,1,0
0,1,0
0,1,0
0,1,0
0,1,0
0,1,0
0,1,0
0,1,0
0,1,0
0,1,0
0,1,0
0,1,0
0,1,0
0,1,0
0,1,0
0,1,0
0,1,0
0,1,0
0,1,0
0,1,0
0,1,0
0,1,0
0,1,0
0,1,0
0,1,0
0,1,0
0,1,0
0,1,0
0,1,0
0,1,0
0,1,0
0,1,0
0,1,0
0,1,0
0,1,0
0,1,0
0,1,0
0,1,0
0,1,0
0,1,0
0,1,0
0,1,0
0,1,0
0,1,0
0,1,0
0,1,0
0,1,0
0,1,0
0,1,0
0,1,0
0,1,0
0,1,0
0,1,0
0,1,0
0,1,0
0,1,0
0,1,0
0,1,0
0,1,0
0,1,0
0,1,0
0,1,0
0,1,0
0,1,0
0,1,0
0,1,0
0,1,0
0,1,0
0,1,0
0,1,0
0,1,0
0,1,0
0,1,0
0,1,0
0,1,0
0,1,0
0,1,0
0,1,0
0,1,0
0,1,0
0,1,0
0,1,0
0,1,0
0,1,0
0,1,0
0,1,0
0,1,0
0,1,0
0,1,0
0,1,0
0,1,0
0,1,0
0,1,0
0,1,0
0,1,0
0,1,0
0,1,0
0,1,0
0,1,0
0,1,0
0,1,0
0,1,0
0,1,0
0,1,0
0,1,0
0,1,0
0,1,0
0,1,0
0,1,0
0,1,0
0,1,0
0,1,0
0,1,0
0,1,0
0,1,0
0,1,0
0,1,0
0,1,0
0,1,0
0,1,0
0,1,0
0,1,0
0,1,0
0,1,0
0,1,0
0,1,0
0,1,0
0,1,0
0,1,0
0,1,0
0,1,0
0,1,0
0,1,0
0,1,0
0,1,0
0,1,0
0,1,0
0,1,0
0,1,0
0,1,0
0,1,0
0,1,0
0,1,0
0,1,0
0,1,0
0,1,0
0,1,0
0,1,0
0,1,0
0,1,0
0,1,0
0,1,0
0,1,0
0,1,0
0,1,0
0,1,0
0,1,0
0,1,0
0,1,0
0,1,0
0,1,0
0,1,0
0,1,0
0,1,0
0,1,0
0,1,0
0,1,0
0,1,0
0,1,0
0,1,0
0,1,0
0,1,0
0,1,0
0,1,0
0,1,0
0,1,0
0,1,0
0,1,0
0,1,0
0,1,0
0,1,0
0,1,0
0,1,0
0,1,0
0,1,0
0,1,0
0,1,0
0,1,0
0,1,0
0,1,0
0,1,0
0,1,0
0,1,0
0,1,0
0,1,0
0,1,0
0,1,0
0,1,0
0,1,0
0,1,0
0,1,0
0,1,0
0,1,0
0,1,0
0,1,0
0,1,0
0,1,0
0,1,0
0,1,0
0,1,0
0,1,0
0,1,0
0,1,0
0,1,0
0,1,0
0,1,0
0,1,0
0,1,0
0,1,0
0,1,0
0,1,0
0,1,0
0,1,0
0,1,0
0,1,0
0,1,0
0,1,0
0,1,0
0,1,0
0,1,0
0,1,0
0,1,0
0,1,0
0,1,0
0,1,0
0,1,0
0,1,0
0,1,0
0,1,0
0,1,0
0,1,0
0,1,0
0,1,0
0,1,0
0,1,0
0,1,0
0,1,0
0,1,0
0,1,0
0,1,0
0,1,0
0,1,0
0,1,0
0,1,0
0,1,0
0,1,0
0,1,0
0,1,0
0,1,0
0,1,0
0,1,0
0,1,0
0,1,0
0,1,0
0,1,0
0,1,0
0,1,0
0,1,0
0,1,0
0,1,0
0,1,0
0,1,0
0,1,0
0,1,0
0,1,0
0,1,0
0,1,0
0,1,0
0,1,0
0,1,0
0,1,0
0,1,0
0,1,0
0,1,0
0,1,0
0,1,0
0,1,0
0,1,0
0,1,0
0,1,0
0,1,0
0,1,0
0,1,0
0,1,0
0,1,0
0,1,0
0,1,0
0,1,0
0,1,0
0,1,0
0,1,0
0,1,0
0,1,0
0,1,0
0,1,0
0,1,0
0,1,0
0,1,0
0,1,0
0,1,0
0,1,0
0,1,0
0,1,0
0,1,0
0,1,0
0,1,0
0,1,0
0,1,0
0,1,0
0,1,0
0,1,0
0,1,0
0,1,0
0,1,0
0,1,0
0,1,0
0,1,0
0,1,0
0,1,0
0,1,0
0,1,0
0,1,0
0,1,0
0,1,0
0,1,0
0,1,0
0,1,0
0,1,0
0,1,0
0,1,0
0,1,0
0,1,0
0,1,0
0,1,0
0,1,0
0,1,0
0,1,0
0,1,0
0,1,0
0,1,0
0,1,0
0,1,0
0,1,0
0,1,0
0,1,0
0,1,0
0,1,0
0,1,0
0,1,0
0,1,0
0,1,0
0,1,0
0,1,0
0,1,0
0,1,0
0,1,0
0,1,0
0,1,0
0,1,0
0,1,0
0,1,0
0,1,0
0,1,0
0,1,0
0,1,0
0,1,0
0,1,0
0,1,0
0,1,0
0,1,0
0,1,0
0,1,0
0,1,0
0,1,0
0,1,0
0,1,0
0,1,0
0,1,0
0,1,0
0,1,0
0,1,0
0,1,0
0,1,0
0,1,0
0,1,0
0,1,0
0,1,0
0,1,0
0,1,0
0,1,0
0,1,0
0,1,0
0,1,0
0,1,0
0,1,0
0,1,0
0,1,0
0,1,0
0,1,0
0,1,0
0,1,0
0,1,0
0,1,0
0,1,0
0,1,0
0,1,0
0,1,0
0,1,0
0,1,0
0,1,0
0,1,0
0,1,0
0,1,0
0,1,0
0,1,0
0,1,0
0,1,0
0,1,0
-0,0115764,1,0
-0,02496,1,0
-0,0342003,1,0
-0,0447081,1,0
-0,0570573,1,0
-0,0644127,1,0
-0,0730737,1,0
-0,0865992,1,0
-0,0962976,1,0
-0,1059264,1,0
-0,1181649,1,0
-0,1285359,1,0
-0,1384683,1,0
-0,145149,1,0
-0,1527183,1,0
-0,1613478,1,0
-0,1691424,1,0
-0,1775085,1,0
-0,1865067,1,0
-0,1984119,1,0
-0,2055438,1,0
-0,2252907,1,0
-0,2323656,1,0
-0,2427006,1,0
-0,2501169,1,0
-0,2593194,1,0
-0,2680314,1,0
-0,2746914,1,0
-0,2809224,1,0
-0,2680746,1,0
-0,2562147,1,0
-0,2391702,1,0
-0,2309826,1,0
-0,2250048,1,0
-0,2171655,1,0
-0,2084457,1,0
-0,2003706,1,0
-0,1917063,1,0
-0,1827741,1,0
-0,1746915,1,0
-0,1644693,1,0
-0,1116351,1,0
-0,1004883,1,0
-0,0918849,1,0
-0,0847314,1,0
-0,0762219,1,0
-0,0639378,1,0
-0,0518058,1,0
-0,0411483,1,0
-0,0187164,1,0
-0,008504398,1,0
0,1,0
0,1,0
0,1,0
0,1,0
0,1,0
0,1,0
0,1,0
0,1,0
0,1,0
0,1,0
0,1,0
0,1,0
0,1,0
0,1,0
0,1,0
0,1,0
0,1,0
0,1,0
0,1,0
0,1,0
0,1,0
0,1,0
0,1,0
0,1,0
0,1,0
0,1,0
0,1,0
0,1,0
0,1,0
0,1,0
0,1,0
0,1,0
0,1,0
0,1,0
0,1,0
0,1,0
0,1,0
0,1,0
0,1,0
0,1,0
0,1,0
0,1,0
0,1,0
0,1,0
0,1,0
0,1,0
0,1,0
0,1,0
0,1,0
0,1,0
0,1,0
0,1,0
0,1,0
-0,0150165,1,0
-0,0289482,1,0
-0,0455664,1,0
-0,0533421,1,0
-0,0614367,1,0
-0,0708204,1,0
-0,0811602,1,0
-0,08912221,1,0
-0,09536041,1,0
-0,1023471,1,0
-0,1124154,1,0
-0,1197981,1,0
-0,127893,1,0
-0,1434996,1,0
-0,1539051,1,0
-0,1631685,1,0
-0,171264,1,0
-0,1765425,1,0
-0,1816062,1,0
-0,1887426,1,0
-0,1978719,1,0
-0,2119059,1,0
-0,2199759,1,0
-0,2551767,1,0
-0,2668728,1,0
-0,2728329,1,0
-0,2789199,1,0
-0,264732,1,0
-0,2552034,1,0
-0,2458638,1,0
-0,2365746,1,0
-0,2283501,1,0
-0,2191356,1,0
-0,2111592,1,0
-0,2040663,1,0
-0,1960593,1,0
-0,1870485,1,0
-0,1804305,1,0
-0,1726944,1,0
-0,1669605,1,0
-0,1613418,1,0
-0,1509636,1,0
-0,1411332,1,0
-0,1329774,1,0
-0,1247775,1,0
-0,1161468,1,0
-0,1079742,1,0
-0,1011741,1,0
-0,09410007,1,0
-0,08810577,1,0
-0,08162517,1,0
-0,07532787,1,0
-0,06476878,1,0
-0,05580418,1,0
-0,04651528,1,0
-0,03834748,1,0
-0,02749828,1,0
-0,01920418,1,0
-0,01084138,1,0
0,1,0
0,1,0
0,1,0
0,1,0
0,1,0
0,1,0
0,1,0
0,1,0
0,1,0
0,1,0
0,1,0
0,1,0
0,1,0
0,1,0
0,1,0
0,1,0
0,1,0
0,1,0
0,1,0
0,1,0
0,1,0
0,1,0
0,1,0
0,1,0
0,1,0
0,1,0
-0,0125298,1,0
-0,0223947,1,0
-0,0316341,1,0
-0,0419085,1,0
-0,0508674,1,0
-0,0590859,1,0
-0,0672867,1,0
-0,0818841,1,0
-0,0961818,1,0
-0,1032243,1,0
-0,1112025,1,0
-0,1216284,1,0
-0,1300185,1,0
-0,1376967,1,0
-0,1483725,1,0
-0,1564605,1,0
-0,1642983,1,0
-0,1718919,1,0
-0,1842342,1,0
-0,1968501,1,0
-0,2071455,1,0
-0,2183187,1,0
-0,2279781,1,0
-0,2377623,1,0
-0,2456742,1,0
-0,2527977,1,0
-0,2600487,1,0
-0,2718213,1,0
-0,2837463,1,0
-0,2908677,1,0
-0,3023311,1,0
-0,3460846,1,0
-0,3575227,1,0
-0,3644425,1,0
-0,3739069,1,0
-0,3872032,1,0
-0,3985663,1,0
-0,4044631,1,0
-0,4143484,1,0
-0,4323664,1,0
-0,4393336,1,0
-0,4475731,1,0
-0,4566322,1,0
-0,4650583,1,0
-0,472588,1,0
-0,482608,1,0
-0,4920295,1,0
-0,4984198,1,0
-0,5077561,1,0
-0,5178496,1,0
-0,5246845,1,0
-0,5313863,1,0
-0,5400119,1,0
-0,5493239,1,0
-0,5560852,1,0
-0,5668198,1,0
-0,5545253,1,0
-0,5448794,1,0
-0,5366342,1,0
-0,5296118,1,0
-0,5226956,1,0
-0,5148869,1,0
-0,5044322,1,0
-0,4958921,1,0
-0,4891151,1,0
-0,4832933,1,0
-0,4754828,1,0
-0,4652714,1,0
-0,4569779,1,0
-0,44717,1,0
-0,440285,1,0
-0,4320944,1,0
-0,4242995,1,0
-0,416099,1,0
-0,4060094,1,0
-0,3985382,1,0
-0,390926,1,0
-0,3854987,1,0
-0,3779051,1,0
-0,3340952,1,0
-0,3248693,1,0
-0,3183425,1,0
-0,3103637,1,0
-0,3004823,1,0
-0,2922743,1,0
-0,2823392,1,0
-0,2748818,1,0
-0,2622725,1,0
-0,2515433,1,0
-0,2420156,1,0
-0,2342234,1,0
-0,2277314,1,0
-0,2158379,1,0
-0,2066615,1,0
-0,1997258,1,0
-0,1925747,1,0
-0,1850546,1,0
-0,1742735,1,0
-0,1646294,1,0
-0,1532012,1,0
-0,1408178,1,0
-0,1319672,1,0
-0,1241936,1,0
-0,117533,1,0
-0,1107548,1,0
-0,1034609,1,0
-0,09159948,1,0
-0,08152878,1,0
-0,07021578,1,0
-0,06170718,1,0
-0,04842738,1,0
-0,03849528,1,0
-0,02352408,1,0
-0,01396608,1,0
-0,007768383,1,0
-0,0008692835,1,0
0,1,0
0,1,0
0,1,0
0,1,0
0,1,0
0,1,0
0,1,0
0,1,0
0,1,0
0,1,0
0,1,0
0,1,0
0,1,0
0,1,0
0,1,0
0,1,0
0,1,0
0,1,0
0,1,0
0,1,0
0,1,0
0,1,0
0,1,0
0,1,0
0,1,0
0,1,0
0,1,0
0,1,0
0,1,0
0,1,0
0,1,0
0,1,0
0,1,0
0,1,0
0,1,0
0,1,0
0,1,0
0,1,0
0,1,0
0,1,0
0,1,0
0,1,0
0,1,0
0,1,0
0,1,0
0,1,0
0,1,0
0,1,0
0,1,0
0,1,0
0,1,0
0,1,0
0,1,0
0,1,0
0,1,0
0,1,0
0,1,0
0,1,0
0,1,0
0,1,0
0,1,0
0,1,0
0,1,0
0,1,0
0,1,0
0,1,0
0,1,0
0,1,0
0,1,0
0,1,0
0,1,0
0,1,0
0,1,0
0,1,0
0,1,0
0,1,0
0,1,0
0,1,0
0,1,0
0,1,0
0,1,0
0,1,0
0,1,0
0,1,0
0,1,0
0,1,0
0,1,0
0,1,0
0,1,0
0,1,0
0,1,0
0,1,0
0,1,0
0,1,0
0,1,0
0,1,0
0,1,0
0,1,0
0,1,0
0,1,0
0,1,0
0,1,0
0,1,0
0,1,0
0,1,0
0,1,0
0,1,0
0,1,0
0,1,0
-0,0093177,1,0
-0,0202911,1,0
-0,0315828,1,0
-0,0426192,1,0
-0,0499782,1,0
-0,0582291,1,0
-0,0726456,1,0
-0,0838362,1,0
-0,0925716,1,0
-0,099765,1,0
-0,1065627,1,0
-0,1121271,1,0
-0,1200951,1,0
-0,1308708,1,0
-0,1409856,1,0
-0,1475514,1,0
-0,153861,1,0
-0,1602159,1,0
-0,1691211,1,0
-0,1770687,1,0
-0,1851375,1,0
-0,1939245,1,0
-0,2018397,1,0
-0,2082489,1,0
-0,2142495,1,0
-0,2201679,1,0
-0,2311119,1,0
-0,2748054,1,0
-0,2831166,1,0
-0,2891517,1,0
-0,2972412,1,0
-0,304986,1,0
-0,314469,1,0
-0,3224799,1,0
-0,3316635,1,0
-0,3418212,1,0
-0,3479013,1,0
-0,367506,1,0
-0,3739278,1,0
-0,3837585,1,0
-0,3898317,1,0
-0,3974772,1,0
-0,4069956,1,0
-0,4147407,1,0
-0,4048155,1,0
-0,3920229,1,0
-0,3815478,1,0
-0,3757164,1,0
-0,3676068,1,0
-0,3616359,1,0
-0,3547539,1,0
-0,3456771,1,0
-0,338769,1,0
-0,3312879,1,0
-0,3265593,1,0
-0,3204423,1,0
-0,3137602,1,0
-0,3066739,1,0
-0,2992279,1,0
-0,2912725,1,0
-0,2612797,1,0
-0,252034,1,0
-0,2441884,1,0
-0,2381008,1,0
-0,2307541,1,0
-0,222697,1,0
-0,2156284,1,0
-0,207193,1,0
-0,1977019,1,0
-0,190006,1,0
-0,1657087,1,0
-0,1587466,1,0
-0,1492813,1,0
-0,1428691,1,0
-0,1087852,1,0
-0,09975697,1,0
-0,08836687,1,0
-0,08310667,1,0
-0,07596578,1,0
-0,06901328,1,0
-0,06082688,1,0
-0,05446358,1,0
-0,04656757,1,0
-0,03921007,1,0
-0,03063187,1,0
-0,02469337,1,0
-0,01757497,1,0
-0,01215217,1,0
-0,006702674,1,0
0,1,0
0,1,0
0,1,0
0,1,0
0,1,0
0,1,0
0,1,0
0,1,0
0,1,0
0,1,0
0,1,0
0,1,0
0,1,0
0,1,0
0,1,0
0,1,0
0,1,0
0,1,0
0,1,0
0,1,0
0,1,0
0,1,0
0,1,0
0,1,0
0,1,0
0,1,0
0,1,0
0,1,0
0,1,0
0,1,0
0,1,0
0,1,0
0,1,0
0,1,0
0,1,0
0,1,0
0,1,0
0,1,0
0,1,0
0,1,0
0,1,0
0,1,0
0,1,0
0,1,0
0,1,0
0,1,0
0,1,0
0,1,0
0,1,0
0,1,0
0,1,0
0,1,0
0,1,0
0,1,0
0,1,0
0,1,0
0,1,0
0,1,0
0,1,0
0,1,0
0,1,0
0,1,0
0,1,0
0,1,0
0,1,0
0,1,0
0,1,0
0,1,0
0,1,0
0,1,0
0,1,0
0,1,0
0,1,0
0,1,0
0,1,0
0,1,0
0,1,0
0,1,0
0,1,0
0,1,0
0,1,0
0,1,0
0,1,0
0,1,0
0,1,0
0,1,0
0,1,0
0,1,0
0,1,0
0,1,0
0,1,0
0,1,0
0,1,0
0,1,0
0,1,0
0,1,0
0,1,0
0,1,0
0,1,0
0,1,0
0,1,0
0,1,0
0,1,0
0,1,0
0,1,0
0,1,0
0,1,0
0,1,0
0,1,0
0,1,0
0,1,0
0,1,0
0,1,0
0,1,0
0,1,0
0,1,0
0,1,0
0,1,0
0,1,0
0,1,0
0,1,0
0,1,0
0,1,0
0,1,0
0,1,0
0,1,0
0,1,0
0,1,0
0,1,0
0,1,0
0,1,0
0,1,0
0,1,0
0,1,0
0,1,0
0,1,0
0,1,0
0,1,0
0,1,0
0,1,0
0,1,0
0,1,0
0,1,0
0,1,0
0,1,0
0,1,0
0,1,0
0,1,0
0,1,0
0,1,0
0,1,0
0,1,0
0,1,0
0,1,0
0,1,0
0,1,0
0,1,0
0,1,0
0,1,0
0,1,0
0,1,0
0,1,0
0,1,0
0,1,0
0,1,0
-0,0348855,1,0
-0,048966,1,0
-0,0577116,1,0
-0,06805199,1,0
-0,07417619,1,0
-0,08258279,1,0
-0,0885174,1,0
-0,1013703,1,0
-0,1099041,1,0
-0,1182186,1,0
-0,1246866,1,0
-0,135375,1,0
-0,1468191,1,0
-0,1591443,1,0
-0,1673403,1,0
-0,2090787,1,0
-0,2214345,1,0
-0,2321316,1,0
-0,2412804,1,0
-0,2499375,1,0
-0,2591295,1,0
-0,2725974,1,0
-0,2849145,1,0
-0,2908188,1,0
-0,3004449,1,0
-0,318705,1,0
-0,3285069,1,0
-0,3348621,1,0
-0,3413556,1,0
-0,3511047,1,0
-0,3632241,1,0
-0,3706521,1,0
-0,3818868,1,0
-0,3951117,1,0
-0,4057269,1,0
-0,4195797,1,0
-0,4252815,1,0
-0,4319409,1,0
-0,4449429,1,0
-0,4548048,1,0
-0,4646853,1,0
-0,4720128,1,0
-0,4834908,1,0
-0,4907937,1,0
-0,5009547,1,0
-0,5126358,1,0
-0,517343,1,0
-0,4992785,1,0
-0,4666097,1,0
-0,4559675,1,0
-0,4492542,1,0
-0,4403504,1,0
-0,4310946,1,0
-0,4242048,1,0
-0,3996492,1,0
-0,3606576,1,0
-0,3510486,1,0
-0,3428601,1,0
-0,3316002,1,0
-0,324276,1,0
-0,3114993,1,0
-0,2999217,1,0
-0,2902197,1,0
-0,2819877,1,0
-0,274077,1,0
-0,2653689,1,0
-0,2581407,1,0
-0,2499684,1,0
-0,2446395,1,0
-0,2355111,1,0
-0,2228133,1,0
-0,2143104,1,0
-0,2030964,1,0
-0,1948194,1,0
-0,1840479,1,0
-0,1739016,1,0
-0,1650342,1,0
-0,1583241,1,0
-0,1511946,1,0
-0,1422693,1,0
-0,1322283,1,0
-0,123105,1,0
-0,1164069,1,0
-0,1074765,1,0
-0,09604678,1,0
-0,08864249,1,0
-0,08072548,1,0
-0,07265519,1,0
-0,06518728,1,0
-0,05941108,1,0
-0,05228968,1,0
-0,04469638,1,0
-0,03250138,1,0
-0,02538298,1,0
-0,01724368,1,0
-0,009319783,1,0
-0,002234084,1,0
0,1,0
0,1,0
0,1,0
0,1,0
0,1,0
0,1,0
0,1,0
0,1,0
0,1,0
0,1,0
0,1,0
0,1,0
0,1,0
0,1,0
0,1,0
0,1,0
0,1,0
0,1,0
0,1,0
0,1,0
0,1,0
0,1,0
0,1,0
0,1,0
0,1,0
0,1,0
0,1,0
0,1,0
0,1,0
0,1,0
0,1,0
0,1,0
0,1,0
0,1,0
0,1,0
0,1,0
0,1,0
0,1,0
0,1,0
0,1,0
0,1,0
0,1,0
0,1,0
0,1,0
0,1,0
0,1,0
0,1,0
0,1,0
0,1,0
0,1,0
0,1,0
0,1,0
0,1,0
0,1,0
0,1,0
0,1,0
0,1,0
0,1,0
0,1,0
0,1,0
0,1,0
0,1,0
0,1,0
0,1,0
0,1,0
0,1,0
0,1,0
0,1,0
0,1,0
0,1,0
0,1,0
0,1,0
0,1,0
0,1,0
0,1,0
0,1,0
0,1,0
0,1,0
0,1,0
0,1,0
0,1,0
0,1,0
0,1,0
0,1,0
0,1,0
0,1,0
0,1,0
0,1,0
0,1,0
0,1,0
0,1,0
0,1,0
0,1,0
0,1,0
0,1,0
0,1,0
0,1,0
0,1,0
0,1,0
0,1,0
0,1,0
0,1,0
0,1,0
0,1,0
0,1,0
0,1,0
0,1,0
0,1,0
0,1,0
0,1,0
0,1,0
0,1,0
0,1,0
0,1,0
0,1,0
0,1,0
0,1,0
0,1,0
0,1,0
0,1,0
0,1,0
0,1,0
0,1,0
0,1,0
0,1,0
0,1,0
0,1,0
0,1,0
0,1,0
0,1,0
0,1,0
0,1,0
0,1,0
0,1,0
0,1,0
0,1,0
0,1,0
0,1,0
0,1,0
0,1,0
0,1,0
0,1,0
0,1,0
0,1,0
0,1,0
0,1,0
0,1,0
0,1,0
0,1,0
0,1,0
0,1,0
0,1,0
0,1,0
0,1,0
0,1,0
0,1,0
0,1,0
0,1,0
0,1,0
0,1,0
0,1,0
0,1,0
0,1,0
0,1,0
0,1,0
0,1,0
0,1,0
0,1,0
0,1,0
0,1,0
0,1,0
0,1,0
0,1,0
0,1,0
0,1,0
0,1,0
0,1,0
0,1,0
0,1,0
0,1,0
0,1,0
0,1,0
0,1,0
0,1,0
0,1,0
0,1,0
0,1,0
0,1,0
0,1,0
0,1,0
0,1,0
0,1,0
0,1,0
0,1,0
0,1,0
-0,008649601,1,0
-0,0210003,1,0
-0,0300876,1,0
-0,0360003,1,0
-0,0444471,1,0
-0,0620232,1,0
-0,071004,1,0
-0,0776553,1,0
-0,0839238,1,0
-0,0895926,1,0
-0,097044,1,0
-0,1029585,1,0
-0,1099521,1,0
-0,1170123,1,0
-0,1264719,1,0
-0,1372281,1,0
-0,1737846,1,0
-0,1806159,1,0
-0,1884978,1,0
-0,1931643,1,0
-0,2016066,1,0
-0,2082558,1,0
-0,2148381,1,0
-0,2238498,1,0
-0,2358294,1,0
-0,2430663,1,0
-0,2499957,1,0
-0,2558439,1,0
-0,2621859,1,0
-0,2677488,1,0
-0,2731773,1,0
-0,2795229,1,0
-0,2865063,1,0
-0,293277,1,0
-0,2996067,1,0
-0,3071742,1,0
-0,3167781,1,0
-0,3242013,1,0
-0,3338073,1,0
-0,3408059,1,0
-0,3458706,1,0
-0,3547797,1,0
-0,3618294,1,0
-0,3708378,1,0
-0,3764607,1,0
-0,3829065,1,0
-0,3903738,1,0
-0,3969609,1,0
-0,4040585,1,0
-0,4129421,1,0
-0,421337,1,0
-0,4322822,1,0
-0,4383335,1,0
-0,4448411,1,0
-0,4608743,1,0
-0,4660611,1,0
-0,4762176,1,0
-0,483276,1,0
-0,4934313,1,0
-0,4996053,1,0
-0,5075465,1,0
-0,5162567,1,0
-0,5267835,1,0
-0,5341269,1,0
-0,5420691,1,0
-0,5496606,1,0
-0,5588264,1,0
-0,5646716,1,0
-0,5720912,1,0
-0,5793773,1,0
-0,587327,1,0
-0,5484182,1,0
-0,5373395,1,0
-0,5300507,1,0
-0,5175518,1,0
-0,5102813,1,0
-0,5004368,1,0
-0,4930058,1,0
-0,4854935,1,0
-0,4785941,1,0
-0,4665422,1,0
-0,4596533,1,0
-0,4517555,1,0
-0,4417532,1,0
-0,4264286,1,0
-0,4183175,1,0
-0,4128104,1,0
-0,4071977,1,0
-0,3952298,1,0
-0,3854369,1,0
-0,3733619,1,0
-0,3647813,1,0
-0,3570062,1,0
-0,342134,1,0
-0,3309602,1,0
-0,3211583,1,0
-0,3142958,1,0
-0,3019127,1,0
-0,2942876,1,0
-0,2843993,1,0
-0,2760557,1,0
-0,2702018,1,0
-0,2632784,1,0
-0,2556998,1,0
-0,2381924,1,0
-0,2299253,1,0
-0,2211461,1,0
-0,2132255,1,0
-0,1999982,1,0
-0,1917062,1,0
-0,1753577,1,0
-0,1677842,1,0
-0,157046,1,0
-0,1466009,1,0
-0,1206326,1,0
-0,06724042,1,0
-0,05580292,1,0
-0,04206082,1,0
-0,03462922,1,0
-0,02627392,1,0
-0,01733452,1,0
-0,01059862,1,0
-0,004589917,1,0
0,1,0
0,1,0
0,1,0
0,1,0
0,1,0
0,1,0
0,1,0
0,1,0
0,1,0
0,1,0
0,1,0
0,1,0
0,1,0
0,1,0
0,1,0
0,1,0
0,1,0
0,1,0
0,1,0
0,1,0
0,1,0
0,1,0
0,1,0
0,1,0
0,1,0
0,1,0
0,1,0
0,1,0
0,1,0
0,1,0
0,1,0
0,1,0
0,1,0
0,1,0
0,1,0
0,1,0
0,1,0
0,1,0
0,1,0
0,1,0
0,1,0
0,1,0
0,1,0
0,1,0
0,1,0
0,1,0
0,1,0
0,1,0
0,1,0
0,1,0
0,1,0
0,1,0
0,1,0
0,1,0
0,1,0
0,1,0
0,1,0
0,1,0
0,1,0
0,1,0
0,1,0
0,1,0
0,1,0
0,1,0
0,1,0
0,1,0
0,1,0
0,1,0
0,1,0
0,1,0
0,1,0
0,1,0
0,1,0
0,1,0
0,1,0
0,1,0
0,1,0
0,1,0
0,1,0
0,1,0
0,1,0
0,1,0
0,1,0
0,1,0
0,1,0
0,1,0
0,1,0
0,1,0
0,1,0
0,1,0
0,1,0
0,1,0
0,1,0
0,1,0
0,1,0
0,1,0
0,1,0
0,1,0
0,1,0
0,1,0
0,1,0
0,1,0
0,1,0
0,1,0
0,1,0
0,1,0
0,1,0
0,1,0
0,1,0
0,1,0
0,1,0
0,1,0
0,1,0
0,1,0
0,1,0
0,1,0
0,1,0
0,1,0
0,1,0
0,1,0
0,1,0
0,1,0
0,1,0
0,1,0
0,1,0
0,1,0
0,1,0
0,1,0
0,1,0
0,1,0
0,1,0
0,1,0
0,1,0
0,1,0
0,1,0
0,1,0
0,1,0
0,1,0
0,1,0
0,1,0
0,1,0
0,1,0
0,1,0
0,1,0
0,1,0
0,1,0
0,1,0
0,1,0
0,1,0
0,1,0
0,1,0
0,1,0
0,1,0
0,1,0
0,1,0
0,1,0
0,1,0
0,1,0
0,1,0
0,1,0
0,1,0
0,1,0
0,1,0
0,1,0
0,1,0
0,1,0
0,1,0
0,1,0
0,1,0
0,1,0
0,1,0
0,1,0
0,1,0
0,1,0
0,1,0
0,1,0
0,1,0
0,1,0
0,1,0
0,1,0
0,1,0
0,1,0
0,1,0
0,1,0
0,1,0
0,1,0
0,1,0
0,1,0
0,1,0
0,1,0
0,1,0
0,1,0
0,1,0
-0,0098856,1,0
-0,0184416,1,0
-0,0283743,1,0
-0,0362883,1,0
-0,0432444,1,0
-0,0520287,1,0
-0,0595764,1,0
-0,0666249,1,0
-0,0724068,1,0
-0,0781614,1,0
-0,0832527,1,0
-0,0894048,1,0
-0,0965226,1,0
-0,1057956,1,0
-0,1141866,1,0
-0,1211754,1,0
-0,1266744,1,0
-0,1331817,1,0
-0,1399374,1,0
-0,1475436,1,0
-0,1826997,1,0
-0,1917711,1,0
-0,1980657,1,0
-0,2104785,1,0
-0,2174427,1,0
-0,2252886,1,0
-0,2324895,1,0
-0,2404347,1,0
-0,2499429,1,0
-0,2555166,1,0
-0,262289,1,0
-0,2706563,1,0
-0,2771078,1,0
-0,2842955,1,0
-0,2930384,1,0
-0,3007352,1,0
-0,3079328,1,0
-0,3133337,1,0
-0,3195602,1,0
-0,3263882,1,0
-0,3338114,1,0
-0,3408983,1,0
-0,3489827,1,0
-0,3556637,1,0
-0,3629366,1,0
-0,3703301,1,0
-0,377585,1,0
-0,3842174,1,0
-0,393017,1,0
-0,4012487,1,0
-0,3909926,1,0
-0,3675914,1,0
-0,3623648,1,0
-0,3556532,1,0
-0,3472031,1,0
-0,340181,1,0
-0,332597,1,0
-0,325247,1,0
-0,3185156,1,0
-0,3128633,1,0
-0,3075098,1,0
-0,2998964,1,0
-0,2926655,1,0
-0,2861414,1,0
-0,2782298,1,0
-0,269126,1,0
-0,261053,1,0
-0,25454,1,0
-0,2484098,1,0
-0,2429516,1,0
-0,2377493,1,0
-0,2299196,1,0
-0,2222513,1,0
-0,2143472,1,0
-0,2090879,1,0
-0,1978478,1,0
-0,1617026,1,0
-0,1541894,1,0
-0,1489811,1,0
-0,139952,1,0
-0,1329695,1,0
-0,1261676,1,0
-0,118784,1,0
-0,1120883,1,0
-0,1035221,1,0
-0,08810839,1,0
-0,08082949,1,0
-0,07353559,1,0
-0,06716209,1,0
-0,06135709,1,0
-0,05509819,1,0
-0,04923589,1,0
-0,04241299,1,0
-0,03350359,1,0
-0,02736649,1,0
-0,01992289,1,0
-0,01232329,1,0
-0,00489979,1,0
0,1,0
0,1,0
0,1,0
0,1,0
0,1,0
0,1,0
0,1,0
0,1,0
0,1,0
0,1,0
0,1,0
0,1,0
0,1,0
0,1,0
0,1,0
0,1,0
0,1,0
0,1,0
0,1,0
0,1,0
0,1,0
0,1,0
0,1,0
0,1,0
0,1,0
0,1,0
0,1,0
0,1,0
0,1,0
0,1,0
0,1,0
0,1,0
0,1,0
0,1,0
0,1,0
0,1,0
0,1,0
0,1,0
0,1,0
0,1,0
0,1,0
0,1,0
0,1,0
0,1,0
0,1,0
0,1,0
0,1,0
0,1,0
0,1,0
0,1,0
0,1,0
0,1,0
0,1,0
0,1,0
0,1,0
0,1,0
0,1,0
0,1,0
0,1,0
0,1,0
0,1,0
0,1,0
0,1,0
0,1,0
0,1,0
0,1,0
0,1,0
0,1,0
0,1,0
0,1,0
0,1,0
0,1,0
0,1,0
0,1,0
-0,0134355,1,0
-0,0216912,1,0
-0,0285144,1,0
-0,0357774,1,0
-0,0445488,1,0
-0,050205,1,0
-0,0592209,1,0
-0,0764589,1,0
-0,0819198,1,0
-0,0898983,1,0
-0,0964488,1,0
-0,1038273,1,0
-0,1116177,1,0
-0,1176624,1,0
-0,1248018,1,0
-0,131844,1,0
-0,1405794,1,0
-0,1491735,1,0
-0,2025618,1,0
-0,2218962,1,0
-0,2284218,1,0
-0,2352801,1,0
-0,2478354,1,0
-0,2546421,1,0
-0,2669262,1,0
-0,2836899,1,0
-0,2910504,1,0
-0,2999529,1,0
-0,3104049,1,0
-0,3203952,1,0
-0,3278286,1,0
-0,3390714,1,0
-0,3519696,1,0
-0,3644715,1,0
-0,3473436,1,0
-0,3379065,1,0
-0,3300012,1,0
-0,3172836,1,0
-0,3104715,1,0
-0,2939592,1,0
-0,2838426,1,0
-0,2754045,1,0
-0,268068,1,0
-0,2605653,1,0
-0,2524928,1,0
-0,2403428,1,0
-0,2306843,1,0
-0,2236028,1,0
-0,2186621,1,0
-0,2127143,1,0
-0,2054438,1,0
-0,1973612,1,0
-0,181151,1,0
-0,1693172,1,0
-0,160799,1,0
-0,1536746,1,0
-0,1462251,1,0
-0,1379088,1,0
-0,1288893,1,0
-0,08133957,1,0
-0,07476957,1,0
-0,06462927,1,0
-0,05743137,1,0
-0,04883607,1,0
-0,04136757,1,0
-0,03266127,1,0
-0,02204247,1,0
-0,01301727,1,0
-0,00569277,1,0
0,1,0
0,1,0
0,1,0
0,1,0
0,1,0
0,1,0
0,1,0
0,1,0
0,1,0
0,1,0
0,1,0
0,1,0
0,1,0
0,1,0
0,1,0
0,1,0
0,1,0
0,1,0
0,1,0
0,1,0
0,1,0
0,1,0
0,1,0
0,1,0
0,1,0
0,1,0
0,1,0
0,1,0
0,1,0
0,1,0
0,1,0
0,1,0
0,1,0
0,1,0
0,1,0
0,1,0
0,1,0
0,1,0
0,1,0
0,1,0
0,1,0
0,1,0
0,1,0
0,1,0
0,1,0
0,1,0
0,1,0
0,1,0
0,1,0
0,1,0
0,1,0
0,1,0
0,1,0
0,1,0
-0,0118566,1,0
-0,0254241,1,0
-0,0325821,1,0
-0,0422088,1,0
-0,0530655,1,0
-0,0606972,1,0
-0,0675429,1,0
-0,0732969,1,0
-0,0806706,1,0
-0,0886254,1,0
-0,0976314,1,0
-0,1038579,1,0
-0,117966,1,0
-0,127527,1,0
-0,1333779,1,0
-0,1397367,1,0
-0,1457286,1,0
-0,1546938,1,0
-0,1653933,1,0
-0,1719441,1,0
-0,1804374,1,0
-0,1871355,1,0
-0,1931229,1,0
-0,1989798,1,0
-0,2048829,1,0
-0,2158968,1,0
-0,2281146,1,0
-0,2336961,1,0
-0,2393448,1,0
-0,2450886,1,0
-0,2522754,1,0
-0,2607837,1,0
-0,267945,1,0
-0,2568954,1,0
-0,2163669,1,0
-0,209658,1,0
-0,2036265,1,0
-0,1962315,1,0
-0,1909203,1,0
-0,1849596,1,0
-0,1779987,1,0
-0,1705026,1,0
-0,1629834,1,0
-0,1547931,1,0
-0,1494006,1,0
-0,1436742,1,0
-0,1343238,1,0
-0,1259841,1,0
-0,117954,1,0
-0,1130592,1,0
-0,09066685,1,0
-0,08404225,1,0
-0,07711405,1,0
-0,06875725,1,0
-0,06098845,1,0
-0,05324785,1,0
-0,04551655,1,0
-0,03558655,1,0
-0,02776165,1,0
-0,01810465,1,0
-0,01143085,1,0
0,1,0
0,1,0
0,1,0
0,1,0
0,1,0
0,1,0
0,1,0
0,1,0
0,1,0
0,1,0
0,1,0
0,1,0
0,1,0
0,1,0
0,1,0
0,1,0
0,1,0
0,1,0
0,1,0
0,1,0
0,1,0
0,1,0
0,1,0
0,1,0
0,1,0
0,1,0
0,1,0
0,1,0
0,1,0
0,1,0
0,1,0
0,1,0
0,1,0
0,1,0
0,1,0
0,1,0
0,1,0
0,1,0
0,1,0
0,1,0
0,1,0
0,1,0
0,1,0
0,1,0
0,1,0
0,1,0
0,1,0
0,1,0
0,1,0
0,1,0
0,1,0
-0,012369,1,0
-0,0211728,1,0
-0,0294801,1,0
-0,0367095,1,0
-0,0432276,1,0
-0,0538449,1,0
-0,0610923,1,0
-0,0668019,1,0
-0,0741075,1,0
-0,0801339,1,0
-0,0889722,1,0
-0,09668309,1,0
-0,1033776,1,0
-0,1122828,1,0
-0,119145,1,0
-0,1255986,1,0
-0,1324473,1,0
-0,1395759,1,0
-0,1475325,1,0
-0,1576848,1,0
-0,164028,1,0
-0,1713549,1,0
-0,1773504,1,0
-0,1833237,1,0
-0,1937484,1,0
-0,2018151,1,0
-0,2080791,1,0
-0,2142381,1,0
-0,2191167,1,0
-0,2254752,1,0
-0,2638557,1,0
-0,2696175,1,0
-0,2764449,1,0
-0,2809002,1,0
-0,2897085,1,0
-0,2973552,1,0
-0,3046911,1,0
-0,3114549,1,0
-0,3184791,1,0
-0,3242418,1,0
-0,3313698,1,0
-0,3399021,1,0
-0,346641,1,0
-0,3342846,1,0
-0,3249252,1,0
-0,317844,1,0
-0,3036372,1,0
-0,2951238,1,0
-0,2882877,1,0
-0,2812827,1,0
-0,2747691,1,0
-0,2669235,1,0
-0,2598705,1,0
-0,2526138,1,0
-0,2470635,1,0
-0,2393967,1,0
-0,2324499,1,0
-0,2241753,1,0
-0,2115663,1,0
-0,203592,1,0
-0,1950993,1,0
-0,1853736,1,0
-0,1779192,1,0
-0,1706577,1,0
-0,163023,1,0
-0,1568604,1,0
-0,1502103,1,0
-0,1340058,1,0
-0,1076688,1,0
-0,09249002,1,0
-0,08528671,1,0
-0,07189591,1,0
-0,06457831,1,0
-0,05574961,1,0
-0,04962271,1,0
-0,04132621,1,0
-0,03505561,1,0
-0,02734201,1,0
-0,01136911,1,0
0,1,0
0,1,0
0,1,0
0,1,0
0,1,0
0,1,0
0,1,0
0,1,0
0,1,0
0,1,0
0,1,0
-0,0106092,1,0
-0,0332724,1,0
-0,0428079,1,0
-0,0490023,1,0
-0,0574626,1,0
-0,06469949,1,0
-0,073089,1,0
-0,08091749,1,0
-0,08722889,1,0
-0,0933729,1,0
-0,0988467,1,0
-0,1041117,1,0
-0,1094292,1,0
-0,1189947,1,0
-0,1269129,1,0
-0,136023,1,0
-0,1415733,1,0
-0,1649793,1,0
-0,1730502,1,0
-0,1795299,1,0
-0,1869822,1,0
-0,193095,1,0
-0,2049879,1,0
-0,213801,1,0
-0,220737,1,0
-0,2363457,1,0
-0,2450616,1,0
-0,2521143,1,0
-0,2592144,1,0
-0,271911,1,0
-0,2784966,1,0
-0,285396,1,0
-0,2982746,1,0
-0,3066575,1,0
-0,3150239,1,0
-0,2748614,1,0
-0,2616701,1,0
-0,255599,1,0
-0,248978,1,0
-0,2412764,1,0
-0,2336618,1,0
-0,2187884,1,0
-0,2121515,1,0
-0,2044577,1,0
-0,1952717,1,0
-0,1857281,1,0
-0,1790174,1,0
-0,1688693,1,0
-0,1613654,1,0
-0,1500923,1,0
-0,1431362,1,0
-0,1347863,1,0
-0,1247837,1,0
-0,1165637,1,0
-0,1052549,1,0
-0,09516682,1,0
-0,08294332,1,0
-0,07646122,1,0
-0,06572842,1,0
-0,05853232,1,0
-0,04993822,1,0
-0,04206982,1,0
-0,03321892,1,0
-0,02295742,1,0
-0,01603912,1,0
0,1,0
0,1,0
0,1,0
0,1,0
0,1,0
0,1,0
0,1,0
0,1,0
0,1,0
0,1,0
0,1,0
0,1,0
-0,0656367,1,0
-0,0804537,1,0
-0,0868566,1,0
-0,098148,1,0
-0,1262937,1,0
-0,1423284,1,0
-0,1561533,1,0
-0,1663227,1,0
-0,1769874,1,0
-0,1872213,1,0
-0,1947396,1,0
-0,2076831,1,0
-0,2173848,1,0
-0,2079351,1,0
-0,196956,1,0
-0,1716795,1,0
-0,162786,1,0
-0,1542723,1,0
-0,1429563,1,0
-0,1359741,1,0
-0,126666,1,0
-0,1138881,1,0
-0,1029888,1,0
-0,09289081,1,0
-0,07813831,1,0
-0,07119091,1,0
-0,05862451,1,0
-0,05018641,1,0
-0,0412965,1,0
-0,03262921,1,0
-0,02109661,1,0
-0,01397521,1,0
-0,004346406,1,0
0,1,0
0,1,0
0,1,0
0,1,0
0,1,0
0,1,0
0,1,0
0,1,0
0,1,0
0,1,0
0,1,0
0,1,0
0,1,0
0,1,0
0,1,0
0,1,0
0,1,0
0,1,0
0,1,0
0,1,0
0,1,0
0,1,0
0,1,0
0,1,0
0,1,0
0,1,0
0,1,0
0,1,0
0,1,0
0,1,0
0,1,0
0,1,0
0,1,0
0,1,0
0,1,0
0,1,0
0,1,0
0,1,0
0,1,0
0,1,0
0,1,0
0,1,0
0,1,0
0,1,0
0,1,0
0,1,0
0,1,0
0,1,0
-0,0118998,1,0
-0,0263805,1,0
-0,0356262,1,0
-0,0467472,1,0
-0,0547692,1,0
-0,0963252,1,0
-0,1111914,1,0
-0,1191399,1,0
-0,1255977,1,0
-0,136746,1,0
-0,1448703,1,0
-0,1572978,1,0
-0,1679139,1,0
-0,1750635,1,0
-0,1848228,1,0
-0,1960326,1,0
-0,2040465,1,0
-0,2111484,1,0
-0,2211507,1,0
-0,2286381,1,0
-0,2351148,1,0
-0,2416146,1,0
-0,251322,1,0
-0,2584569,1,0
-0,2642502,1,0
-0,2694631,1,0
-0,2786299,1,0
-0,2864101,1,0
-0,2964376,1,0
-0,3041328,1,0
-0,3107244,1,0
-0,3170757,1,0
-0,3243573,1,0
-0,3329736,1,0
-0,3415962,1,0
-0,3471654,1,0
-0,3547767,1,0
-0,3609441,1,0
-0,3678423,1,0
-0,376302,1,0
-0,3829218,1,0
-0,3923862,1,0
-0,4017903,1,0
-0,4087794,1,0
-0,4151946,1,0
-0,406191,1,0
-0,3975609,1,0
-0,3891246,1,0
-0,3833718,1,0
-0,3757305,1,0
-0,3714954,1,0
-0,3652557,1,0
-0,3586797,1,0
-0,3510927,1,0
-0,3429873,1,0
-0,3341007,1,0
-0,3270939,1,0
-0,3035607,1,0
-0,2635815,1,0
-0,2553478,1,0
-0,244537,1,0
-0,2323663,1,0
-0,2250658,1,0
-0,2136175,1,0
-0,1960426,1,0
-0,1843153,1,0
-0,1775497,1,0
-0,1711288,1,0
-0,1615246,1,0
-0,1538104,1,0
-0,1463035,1,0
-0,1363213,1,0
-0,1259773,1,0
-0,116575,1,0
-0,1064707,1,0
-0,09681126,1,0
-0,08729436,1,0
-0,07902066,1,0
-0,06844206,1,0
-0,06025836,1,0
-0,05170896,1,0
-0,04519476,1,0
-0,03453306,1,0
-0,02724276,1,0
-0,02010126,1,0
-0,01100466,1,0
0,1,0
-0,0078894,1,0
-0,0161145,1,0
-0,0265239,1,0
-0,0330942,1,0
-0,0400863,1,0
-0,04764,1,0
-0,0557793,1,0
-0,0667776,1,0
-0,0740184,1,0
-0,0812256,1,0
-0,0876831,1,0
-0,094944,1,0
-0,1047081,1,0
-0,1122834,1,0
-0,1194822,1,0
-0,1246593,1,0
-0,1295091,1,0
-0,1345056,1,0
-0,1410246,1,0
-0,1484793,1,0
-0,1875306,1,0
-0,1952127,1,0
-0,2003586,1,0
-0,2095899,1,0
-0,1994904,1,0
-0,1878066,1,0
-0,1813191,1,0
-0,174888,1,0
-0,1672185,1,0
-0,1593117,1,0
-0,1525701,1,0
-0,1459233,1,0
-0,1378869,1,0
-0,1289262,1,0
-0,1156812,1,0
-0,108189,1,0
-0,1011225,1,0
-0,0941334,1,0
-0,0883551,1,0
-0,0834753,1,0
-0,0769056,1,0
-0,0715146,1,0
-0,0606843,1,0
-0,0519108,1,0
-0,045354,1,0
-0,0391572,1,0
-0,0301485,1,0
-0,0194166,1,0
-0,0110034,1,0
-0,004740302,1,0
0,1,0
0,1,0
0,1,0
0,1,0
0,1,0
0,1,0
0,1,0
0,1,0
0,1,0
0,1,0
0,1,0
0,1,0
0,1,0
0,1,0
0,1,0
0,1,0
0,1,0
0,1,0
0,1,0
0,1,0
0,1,0
0,1,0
0,1,0
0,1,0
0,1,0
0,1,0
0,1,0
0,1,0
0,1,0
0,1,0
0,1,0
0,1,0
0,1,0
0,1,0
0,1,0
0,1,0
0,1,0
0,1,0
0,1,0
0,1,0
0,1,0
-0,0095268,1,0
-0,0190746,1,0
-0,0295944,1,0
-0,0354726,1,0
-0,0426429,1,0
-0,0506961,1,0
-0,0567903,1,0
-0,0644211,1,0
-0,0698199,1,0
-0,0748488,1,0
-0,0802194,1,0
-0,0886584,1,0
-0,0980937,1,0
-0,1075785,1,0
-0,1134705,1,0
-0,1204332,1,0
-0,1267116,1,0
-0,1365219,1,0
-0,1428483,1,0
-0,1493325,1,0
-0,1570455,1,0
-0,1639194,1,0
-0,1704945,1,0
-0,1773522,1,0
-0,1849209,1,0
-0,1951137,1,0
-0,202497,1,0
-0,1932873,1,0
-0,1864497,1,0
-0,1782888,1,0
-0,1711152,1,0
-0,1627629,1,0
-0,1565745,1,0
-0,148956,1,0
-0,1414869,1,0
-0,1348197,1,0
-0,129078,1,0
-0,1233309,1,0
-0,1175757,1,0
-0,07949131,1,0
-0,07157971,1,0
-0,06335731,1,0
-0,05705971,1,0
-0,05113201,1,0
-0,04111921,1,0
-0,03429811,1,0
-0,02801341,1,0
-0,02220451,1,0
-0,01688821,1,0
-0,009905711,1,0
-0,0004890105,1,0
0,1,0
0,1,0
0,1,0
0,1,0
0,1,0
0,1,0
0,1,0
0,1,0
0,1,0
0,1,0
0,1,0
0,1,0
0,1,0
0,1,0
0,1,0
0,1,0
0,1,0
0,1,0
0,1,0
0,1,0
0,1,0
0,1,0
0,1,0
0,1,0
0,1,0
0,1,0
0,1,0
0,1,0
0,1,0
0,1,0
0,1,0
0,1,0
0,1,0
0,1,0
0,1,0
0,1,0
0,1,0
0,1,0
0,1,0
0,1,0
0,1,0
0,1,0
0,1,0
0,1,0
0,1,0
0,1,0
0,1,0
0,1,0
0,1,0
-0,0114546,1,0
-0,0259047,1,0
-0,033207,1,0
-0,039651,1,0
-0,0471426,1,0
-0,0539748,1,0
-0,0610182,1,0
-0,0678669,1,0
-0,0742233,1,0
-0,0819069,1,0
-0,0911778,1,0
-0,0967497,1,0
-0,106938,1,0
-0,1167621,1,0
-0,1251336,1,0
-0,1316307,1,0
-0,1384056,1,0
-0,1467771,1,0
-0,1539897,1,0
-0,1614396,1,0
-0,1682847,1,0
-0,1765896,1,0
-0,1851138,1,0
-0,1905588,1,0
-0,1981623,1,0
-0,2091495,1,0
-0,2173881,1,0
-0,2252592,1,0
-0,2341458,1,0
-0,2416356,1,0
-0,2518923,1,0
-0,2606661,1,0
-0,2706633,1,0
-0,2801178,1,0
-0,2864832,1,0
-0,2934996,1,0
-0,311094,1,0
-0,3206705,1,0
-0,3287157,1,0
-0,3372954,1,0
-0,3442656,1,0
-0,3523104,1,0
-0,3598467,1,0
-0,3486885,1,0
-0,3384444,1,0
-0,2990108,1,0
-0,2931107,1,0
-0,2860199,1,0
-0,2756459,1,0
-0,265907,1,0
-0,2583491,1,0
-0,2431727,1,0
-0,2245862,1,0
-0,2165762,1,0
-0,2105216,1,0
-0,1984046,1,0
-0,1904414,1,0
-0,1711343,1,0
-0,1640723,1,0
-0,1570046,1,0
-0,1522952,1,0
-0,1431428,1,0
-0,127148,1,0
-0,1208474,1,0
-0,1134773,1,0
-0,1025258,1,0
-0,08926523,1,0
-0,07963013,1,0
-0,07347983,1,0
-0,06691943,1,0
-0,06026063,1,0
-0,04827443,1,0
-0,03724553,1,0
-0,02648273,1,0
-0,01714913,1,0
-0,004287532,1,0
0,1,0
0,1,0
0,1,0
0,1,0
0,1,0
0,1,0
0,1,0
0,1,0
0,1,0
0,1,0
0,1,0
0,1,0
-0,0131325,1,0
-0,0210933,1,0
-0,0280278,1,0
-0,0633831,1,0
-0,0800361,1,0
-0,0860028,1,0
-0,0936624,1,0
-0,101877,1,0
-0,1078437,1,0
-0,1159665,1,0
-0,1255023,1,0
-0,1330716,1,0
-0,1396842,1,0
-0,1459314,1,0
-0,154218,1,0
-0,1612812,1,0
-0,1675167,1,0
-0,1778271,1,0
-0,1872846,1,0
-0,1947369,1,0
-0,2015631,1,0
-0,2090046,1,0
-0,2160603,1,0
-0,2229588,1,0
-0,2295075,1,0
-0,2388156,1,0
-0,2488218,1,0
-0,256701,1,0
-0,2672115,1,0
-0,2782764,1,0
-0,2677701,1,0
-0,2583198,1,0
-0,2475873,1,0
-0,2413752,1,0
-0,2326686,1,0
-0,2256261,1,0
-0,2163003,1,0
-0,2104776,1,0
-0,2046543,1,0
-0,19638,1,0
-0,1886463,1,0
-0,1770825,1,0
-0,1695498,1,0
-0,1603416,1,0
-0,1427259,1,0
-0,1336107,1,0
-0,1240128,1,0
-0,118077,1,0
-0,1127097,1,0
-0,1079346,1,0
-0,1030683,1,0
-0,09688617,1,0
-0,08607387,1,0
-0,07270887,1,0
-0,03882417,1,0
-0,03014277,1,0
-0,02324217,1,0
-0,01453857,1,0
-0,008653768,1,0
0,1,0
0,1,0
0,1,0
0,1,0
0,1,0
0,1,0
0,1,0
0,1,0
0,1,0
0,1,0
0,1,0
0,1,0
0,1,0
0,1,0
0,1,0
0,1,0
0,1,0
0,1,0
0,1,0
0,1,0
0,1,0
0,1,0
0,1,0
0,1,0
0,1,0
0,1,0
0,1,0
0,1,0
0,1,0
0,1,0
0,1,0
0,1,0
0,1,0
0,1,0
0,1,0
0,1,0
0,1,0
0,1,0
0,1,0
0,1,0
0,1,0
0,1,0
0,1,0
0,1,0
0,1,0
0,1,0
0,1,0
0,1,0
0,1,0
0,1,0
0,1,0
0,1,0
0,1,0
0,1,0
0,1,0
0,1,0
0,1,0
0,1,0
0,1,0
0,1,0
0,1,0
0,1,0
0,1,0
0,1,0
0,1,0
0,1,0
0,1,0
0,1,0
0,1,0
0,1,0
0,1,0
0,1,0
0,1,0
0,1,0
0,1,0
0,1,0
0,1,0
0,1,0
0,1,0
0,1,0
0,1,0
0,1,0
0,1,0
0,1,0
0,1,0
0,1,0
0,1,0
0,1,0
0,1,0
0,1,0
0,1,0
0,1,0
0,1,0
0,1,0
0,1,0
0,1,0
0,1,0
0,1,0
0,1,0
0,1,0
0,1,0
0,1,0
0,1,0
0,1,0
0,1,0
0,1,0
0,1,0
0,1,0
0,1,0
0,1,0
0,1,0
0,1,0
0,1,0
0,1,0
0,1,0
0,1,0
0,1,0
0,1,0
0,1,0
0,1,0
0,1,0
0,1,0
0,1,0
0,1,0
0,1,0
0,1,0
0,1,0
-0,0132885,1,0
-0,0294057,1,0
-0,0371889,1,0
-0,0483237,1,0
-0,0563355,1,0
-0,0616635,1,0
-0,0670497,1,0
-0,073335,1,0
-0,0802662,1,0
-0,0875457,1,0
-0,093624,1,0
-0,1046445,1,0
-0,1138884,1,0
-0,12075,1,0
-0,1271649,1,0
-0,1333182,1,0
-0,1400238,1,0
-0,1506063,1,0
-0,1565829,1,0
-0,1639053,1,0
-0,1763232,1,0
-0,1838187,1,0
-0,1973115,1,0
-0,2086665,1,0
-0,1814862,1,0
-0,1674468,1,0
-0,1588593,1,0
-0,1505307,1,0
-0,145068,1,0
-0,1045986,1,0
-0,09497849,1,0
-0,08887259,1,0
-0,08210219,1,0
-0,07571308,1,0
-0,06526738,1,0
-0,05880478,1,0
-0,05185349,1,0
-0,04514609,1,0
-0,03812759,1,0
-0,02961149,1,0
-0,01855049,1,0
-0,006744288,1,0
0,1,0
0,1,0
0,1,0
0,1,0
0,1,0
0,1,0
0,1,0
0,1,0
0,1,0
0,1,0
0,1,0
0,1,0
0,1,0
0,1,0
0,1,0
0,1,0
0,1,0
0,1,0
0,1,0
0,1,0
0,1,0
0,1,0
0,1,0
0,1,0
0,1,0
0,1,0
0,1,0
0,1,0
0,1,0
0,1,0
0,1,0
0,1,0
0,1,0
0,1,0
0,1,0
0,1,0
0,1,0
0,1,0
0,1,0
0,1,0
0,1,0
0,1,0
0,1,0
0,1,0
0,1,0
0,1,0
0,1,0
-0,011364,1,0
-0,0202107,1,0
-0,0472806,1,0
-0,0557283,1,0
-0,0638982,1,0
-0,0719616,1,0
-0,0792135,1,0
-0,085104,1,0
-0,0923295,1,0
-0,100245,1,0
-0,1089066,1,0
-0,1172709,1,0
-0,1242267,1,0
-0,132588,1,0
-0,1379778,1,0
-0,145227,1,0
-0,1514721,1,0
-0,1583496,1,0
-0,1654806,1,0
-0,1736466,1,0
-0,1806882,1,0
-0,1916274,1,0
-0,2017818,1,0
-0,2135703,1,0
-0,222423,1,0
-0,2345331,1,0
-0,2423442,1,0
-0,2522292,1,0
-0,2624781,1,0
-0,2706096,1,0
-0,2810127,1,0
-0,272619,1,0
-0,2259606,1,0
-0,2206788,1,0
-0,2133114,1,0
-0,2039712,1,0
-0,1947435,1,0
-0,187299,1,0
-0,1783317,1,0
-0,168174,1,0
-0,1611717,1,0
-0,1516338,1,0
-0,1393833,1,0
-0,1333872,1,0
-0,1238244,1,0
-0,1161369,1,0
-0,1018749,1,0
-0,09143102,1,0
-0,07930472,1,0
-0,07270203,1,0
-0,06401763,1,0
-0,05069373,1,0
-0,04135413,1,0
-0,03306093,1,0
-0,00497973,1,0
0,1,0
0,1,0
0,1,0
0,1,0
0,1,0
0,1,0
0,1,0
0,1,0
0,1,0
0,1,0
0,1,0
0,1,0
-0,0159297,1,0
-0,0308379,1,0
-0,0368883,1,0
-0,0474309,1,0
-0,1023672,1,0
-0,1210677,1,0
-0,1337508,1,0
-0,1465734,1,0
-0,1562652,1,0
-0,1717914,1,0
-0,1829139,1,0
-0,1905816,1,0
-0,2044848,1,0
-0,2149605,1,0
-0,225951,1,0
-0,2354868,1,0
-0,2431857,1,0
-0,2508162,1,0
-0,2603799,1,0
-0,2692815,1,0
-0,2768022,1,0
-0,2820951,1,0
-0,2874273,1,0
-0,2960199,1,0
-0,3048222,1,0
-0,2895618,1,0
-0,2750592,1,0
-0,2639121,1,0
-0,2573307,1,0
-0,2492994,1,0
-0,2413623,1,0
-0,2332143,1,0
-0,2278722,1,0
-0,2213958,1,0
-0,2148348,1,0
-0,206277,1,0
-0,1925052,1,0
-0,1848648,1,0
-0,1769367,1,0
-0,161007,1,0
-0,154281,1,0
-0,1473453,1,0
-0,13947,1,0
-0,1315251,1,0
-0,1240701,1,0
-0,1158498,1,0
-0,1043091,1,0
-0,06445622,1,0
-0,05552462,1,0
-0,04451523,1,0
-0,03638523,1,0
-0,02807613,1,0
-0,02089503,1,0
-0,01286073,1,0
-0,004079727,1,0
0,1,0
0,1,0
0,1,0
0,1,0
0,1,0
0,1,0
0,1,0
0,1,0
0,1,0
0,1,0
0,1,0
0,1,0
0,1,0
-0,009119401,1,0
-0,023178,1,0
-0,030777,1,0
-0,0374652,1,0
-0,0445812,1,0
-0,0513669,1,0
-0,0586353,1,0
-0,0663333,1,0
-0,0746325,1,0
-0,0822126,1,0
-0,09083821,1,0
-0,09979051,1,0
-0,1068054,1,0
-0,1305234,1,0
-0,1381191,1,0
-0,1459728,1,0
-0,1529166,1,0
-0,1602489,1,0
-0,1670511,1,0
-0,1741938,1,0
-0,181608,1,0
-0,1899129,1,0
-0,1997139,1,0
-0,2073096,1,0
-0,2131449,1,0
-0,2187306,1,0
-0,2267628,1,0
-0,2331363,1,0
-0,2416695,1,0
-0,2760645,1,0
-0,2631639,1,0
-0,2491044,1,0
-0,2420835,1,0
-0,2340306,1,0
-0,2276322,1,0
-0,2205885,1,0
-0,2152686,1,0
-0,209253,1,0
-0,2007414,1,0
-0,1934871,1,0
-0,1871985,1,0
-0,1791318,1,0
-0,1714578,1,0
-0,1625217,1,0
-0,1510485,1,0
-0,1436427,1,0
-0,1374954,1,0
-0,1315353,1,0
-0,1242354,1,0
-0,1163313,1,0
-0,1062996,1,0
-0,1004523,1,0
-0,0950679,1,0
-0,0893418,1,0
-0,0838833,1,0
-0,0755349,1,0
-0,0684438,1,0
-0,06108931,1,0
-0,05021791,1,0
-0,04271431,1,0
-0,03493171,1,0
-0,02683321,1,0
-0,01996051,1,0
-0,01088131,1,0
-0,003413107,1,0
0,1,0
0,1,0
0,1,0
0,1,0
0,1,0
0,1,0
0,1,0
0,1,0
0,1,0
-0,0202095,1,0
-0,0293016,1,0
-0,0362928,1,0
-0,0430137,1,0
-0,0501033,1,0
-0,0575013,1,0
-0,065718,1,0
-0,0767109,1,0
-0,08649451,1,0
-0,1310625,1,0
-0,1419381,1,0
-0,1492287,1,0
-0,1557195,1,0
-0,1627653,1,0
-0,1690458,1,0
-0,1786101,1,0
-0,1875333,1,0
-0,1957191,1,0
-0,2071569,1,0
-0,2138193,1,0
-0,2198991,1,0
-0,2105343,1,0
-0,2006622,1,0
-0,1925232,1,0
-0,1863558,1,0
-0,1786695,1,0
-0,1721823,1,0
-0,1638984,1,0
-0,1535511,1,0
-0,1468119,1,0
-0,1394526,1,0
-0,132558,1,0
-0,1247679,1,0
-0,1193133,1,0
-0,1143348,1,0
-0,1085538,1,0
-0,1014213,1,0
-0,09388711,1,0
-0,08752862,1,0
-0,08027822,1,0
-0,07166102,1,0
-0,06339242,1,0
-0,05419502,1,0
-0,04746392,1,0
-0,04078292,1,0
-0,03470732,1,0
-0,02636611,1,0
-0,01988582,1,0
-0,009067216,1,0
-0,002441716,1,0
0,1,0
0,1,0
0,1,0
0,1,0
0,1,0
0,1,0
0,1,0
0,1,0
0,1,0
0,1,0
0,1,0
0,1,0
0,1,0
0,1,0
0,1,0
0,1,0
0,1,0
0,1,0
0,1,0
0,1,0
0,1,0
0,1,0
0,1,0
0,1,0
0,1,0
0,1,0
0,1,0
0,1,0
0,1,0
0,1,0
-0,0117405,1,0
-0,0195135,1,0
-0,0243987,1,0
-0,0302304,1,0
-0,0362676,1,0
-0,0435543,1,0
-0,0511482,1,0
-0,0596352,1,0
-0,069036,1,0
-0,0772221,1,0
-0,0856764,1,0
-0,0936618,1,0
-0,0994662,1,0
-0,1045701,1,0
-0,1108152,1,0
-0,1163112,1,0
-0,1242303,1,0
-0,1319331,1,0
-0,1389189,1,0
-0,1479339,1,0
-0,1555026,1,0
-0,1652208,1,0
-0,1732437,1,0
-0,1805832,1,0
-0,1893432,1,0
-0,196578,1,0
-0,2030349,1,0
-0,2110584,1,0
-0,2181495,1,0
-0,2246988,1,0
-0,2309595,1,0
-0,2364519,1,0
-0,2426208,1,0
-0,251043,1,0
-0,2576811,1,0
-0,2701629,1,0
-0,2765262,1,0
-0,3214228,1,0
-0,3309228,1,0
-0,3380142,1,0
-0,3456469,1,0
-0,3537007,1,0
-0,3632806,1,0
-0,3726664,1,0
-0,3778231,1,0
-0,3874339,1,0
-0,393811,1,0
-0,4023685,1,0
-0,4129099,1,0
-0,4184989,1,0
-0,4251847,1,0
-0,4316971,1,0
-0,4395343,1,0
-0,4458757,1,0
-0,4534618,1,0
-0,4620661,1,0
-0,4698291,1,0
-0,4768797,1,0
-0,4828677,1,0
-0,4704447,1,0
-0,4600683,1,0
-0,4535052,1,0
-0,4463136,1,0
-0,4386055,1,0
-0,4309812,1,0
-0,4234957,1,0
-0,4157104,1,0
-0,405379,1,0
-0,3978316,1,0
-0,3905545,1,0
-0,3828775,1,0
-0,3716473,1,0
-0,3647107,1,0
-0,3568843,1,0
-0,3488398,1,0
-0,3412261,1,0
-0,3338407,1,0
-0,3267313,1,0
-0,3183229,1,0
-0,3112162,1,0
-0,3027868,1,0
-0,2936179,1,0
-0,2870623,1,0
-0,2685469,1,0
-0,2606374,1,0
-0,2526094,1,0
-0,2452663,1,0
-0,2372545,1,0
-0,2035312,1,0
-0,1935769,1,0
-0,1856263,1,0
-0,1781944,1,0
-0,1716736,1,0
-0,1650148,1,0
-0,156586,1,0
-0,1508524,1,0
-0,1439308,1,0
-0,1351579,1,0
-0,1276669,1,0
-0,1204918,1,0
-0,1154416,1,0
-0,1096684,1,0
-0,1010434,1,0
-0,09462189,1,0
-0,08831019,1,0
-0,08080089,1,0
-0,06856329,1,0
-0,06280239,1,0
-0,05503989,1,0
-0,04735929,1,0
-0,04047789,1,0
-0,03247659,1,0
-0,02547399,1,0
-0,01818339,1,0
-0,01212009,1,0
-0,00397869,1,0
0,1,0
0,1,0
0,1,0
0,1,0
0,1,0
0,1,0
0,1,0
0,1,0
0,1,0
-0,0099246,1,0
-0,0189846,1,0
-0,0247395,1,0
-0,0350031,1,0
-0,0431391,1,0
-0,0517098,1,0
-0,0587955,1,0
-0,0660831,1,0
-0,07406671,1,0
-0,07956061,1,0
-0,08503051,1,0
-0,09170281,1,0
-0,09895861,1,0
-0,1058916,1,0
-0,1131564,1,0
-0,1216602,1,0
-0,1288662,1,0
-0,1400058,1,0
-0,1479705,1,0
-0,1555149,1,0
-0,1913643,1,0
-0,2009535,1,0
-0,206886,1,0
-0,2123145,1,0
-0,2207013,1,0
-0,228732,1,0
-0,2378055,1,0
-0,2454072,1,0
-0,2519097,1,0
-0,2590458,1,0
-0,2682552,1,0
-0,2563668,1,0
-0,2438067,1,0
-0,2362746,1,0
-0,2298705,1,0
-0,2221209,1,0
-0,2133675,1,0
-0,2033991,1,0
-0,1963056,1,0
-0,1867005,1,0
-0,1765704,1,0
-0,1626942,1,0
-0,1462125,1,0
-0,1382109,1,0
-0,1260711,1,0
-0,1163169,1,0
-0,1094904,1,0
-0,0990081,1,0
-0,0900888,1,0
-0,0786585,1,0
-0,0695253,1,0
-0,0604347,1,0
-0,0449766,1,0
-0,0220377,1,0
-0,0114336,1,0
0,1,0
0,1,0
0,1,0
0,1,0
0,1,0
0,1,0
0,1,0
0,1,0
0,1,0
0,1,0
0,1,0
0,1,0
0,1,0
0,1,0
0,1,0
0,1,0
-0,0075831,1,0
-0,0236313,1,0
-0,0417075,1,0
-0,050424,1,0
-0,0579519,1,0
-0,0661884,1,0
-0,0749325,1,0
-0,0824517,1,0
-0,0939591,1,0
-0,1034496,1,0
-0,1126137,1,0
-0,1193748,1,0
-0,1266822,1,0
-0,1340808,1,0
-0,1419039,1,0
-0,1494396,1,0
-0,1578786,1,0
-0,1663401,1,0
-0,176031,1,0
-0,1871076,1,0
-0,1977465,1,0
-0,2058072,1,0
-0,2162649,1,0
-0,2281233,1,0
-0,2338326,1,0
-0,2412189,1,0
-0,2502726,1,0
-0,2593551,1,0
-0,2674587,1,0
-0,2765733,1,0
-0,2830431,1,0
-0,2945352,1,0
-0,3012063,1,0
-0,310467,1,0
-0,3198534,1,0
-0,3589827,1,0
-0,3682215,1,0
-0,3746229,1,0
-0,3844059,1,0
-0,3930492,1,0
-0,4021641,1,0
-0,4103148,1,0
-0,4198737,1,0
-0,4278108,1,0
-0,4359075,1,0
-0,4431396,1,0
-0,4490252,1,0
-0,4555025,1,0
-0,4605293,1,0
-0,4673978,1,0
-0,4743824,1,0
-0,4808843,1,0
-0,4928858,1,0
-0,4827038,1,0
-0,4747958,1,0
-0,4674444,1,0
-0,4588233,1,0
-0,4526439,1,0
-0,4445955,1,0
-0,4365267,1,0
-0,4290611,1,0
-0,4238825,1,0
-0,4186625,1,0
-0,4119866,1,0
-0,4050623,1,0
-0,3963864,1,0
-0,3874682,1,0
-0,3807935,1,0
-0,3591893,1,0
-0,3520715,1,0
-0,3454985,1,0
-0,3375569,1,0
-0,3311387,1,0
-0,3242561,1,0
-0,3168815,1,0
-0,3097109,1,0
-0,3018212,1,0
-0,292868,1,0
-0,2822255,1,0
-0,2764166,1,0
-0,2705588,1,0
-0,2628797,1,0
-0,2533835,1,0
-0,2440925,1,0
-0,2380235,1,0
-0,2293211,1,0
-0,2235173,1,0
-0,2150879,1,0
-0,1783184,1,0
-0,1713956,1,0
-0,166973,1,0
-0,1581353,1,0
-0,1502189,1,0
-0,1427297,1,0
-0,1366052,1,0
-0,1299455,1,0
-0,1237451,1,0
-0,1160747,1,0
-0,1075148,1,0
-0,1004399,1,0
-0,09093682,1,0
-0,08485372,1,0
-0,07793543,1,0
-0,07036673,1,0
-0,06157342,1,0
-0,05551492,1,0
-0,04634212,1,0
-0,04053053,1,0
-0,03457762,1,0
-0,02948512,1,0
-0,02413702,1,0
-0,01810132,1,0
-0,009012224,1,0
-0,002142524,1,0
0,1,0
0,1,0
0,1,0
0,1,0
0,1,0
0,1,0
-0,011289,1,0
-0,018984,1,0
-0,0257397,1,0
-0,030408,1,0
-0,0355092,1,0
-0,0416244,1,0
-0,04851361,1,0
-0,0557142,1,0
-0,0682698,1,0
-0,07411531,1,0
-0,1007151,1,0
-0,1078188,1,0
-0,1156416,1,0
-0,1232643,1,0
-0,1348665,1,0
-0,1429062,1,0
-0,1523301,1,0
-0,1588239,1,0
-0,1691115,1,0
-0,175782,1,0
-0,1826769,1,0
-0,1891488,1,0
-0,1961787,1,0
-0,1606935,1,0
-0,149304,1,0
-0,1419831,1,0
-0,1360572,1,0
-0,125922,1,0
-0,1173867,1,0
-0,1102488,1,0
-0,1044291,1,0
-0,08774011,1,0
-0,08131531,1,0
-0,07399951,1,0
-0,06658951,1,0
-0,05865391,1,0
-0,05066732,1,0
-0,04303082,1,0
-0,03742112,1,0
-0,03116882,1,0
-0,02314502,1,0
-0,01676102,1,0
-0,01059572,1,0
-0,002166918,1,0
0,1,0
0,1,0
0,1,0
0,1,0
0,1,0
0,1,0
0,1,0
0,1,0
0,1,0
0,1,0
0,1,0
0,1,0
0,1,0
0,1,0
0,1,0
0,1,0
0,1,0
0,1,0
0,1,0
0,1,0
0,1,0
0,1,0
0,1,0
0,1,0
0,1,0
0,1,0
0,1,0
0,1,0
0,1,0
0,1,0
0,1,0
0,1,0
0,1,0
0,1,0
0,1,0
0,1,0
0,1,0
0,1,0
0,1,0
0,1,0
0,1,0
0,1,0
0,1,0
0,1,0
0,1,0
0,1,0
0,1,0
0,1,0
0,1,0
0,1,0
0,1,0
0,1,0
0,1,0
0,1,0
0,1,0
0,1,0
0,1,0
0,1,0
0,1,0
0,1,0
0,1,0
0,1,0
0,1,0
0,1,0
0,1,0
0,1,0
0,1,0
0,1,0
0,1,0
-0,0110829,1,0
-0,0253134,1,0
-0,0329841,1,0
-0,0436551,1,0
-0,0505086,1,0
-0,05861671,1,0
-0,0644187,1,0
-0,06954601,1,0
-0,0781014,1,0
-0,08624461,1,0
-0,0955023,1,0
-0,1043316,1,0
-0,1185606,1,0
-0,126567,1,0
-0,1362822,1,0
-0,1737495,1,0
-0,1823112,1,0
-0,1922412,1,0
-0,2015931,1,0
-0,2095356,1,0
-0,2159367,1,0
-0,2316141,1,0
-0,2416362,1,0
-0,2487786,1,0
-0,2563614,1,0
-0,2633073,1,0
-0,2693373,1,0
-0,2754099,1,0
-0,2830509,1,0
-0,292416,1,0
-0,3006249,1,0
-0,3069333,1,0
-0,3166476,1,0
-0,3238266,1,0
-0,3345918,1,0
-0,3411222,1,0
-0,3488205,1,0
-0,3598173,1,0
-0,3667728,1,0
-0,3820413,1,0
-0,3916386,1,0
-0,4029102,1,0
-0,4180569,1,0
-0,4245408,1,0
-0,4330614,1,0
-0,4446375,1,0
-0,4526838,1,0
-0,4635075,1,0
-0,4713651,1,0
-0,4882479,1,0
-0,4988355,1,0
-0,5064276,1,0
-0,5220831,1,0
-0,5288973,1,0
-0,5383962,1,0
-0,5475168,1,0
-0,558122,1,0
-0,546788,1,0
-0,5238371,1,0
-0,4671671,1,0
-0,4581119,1,0
-0,4527006,1,0
-0,4465638,1,0
-0,4366161,1,0
-0,4267533,1,0
-0,4176564,1,0
-0,3946056,1,0
-0,3884103,1,0
-0,3789528,1,0
-0,3708633,1,0
-0,3635673,1,0
-0,3543786,1,0
-0,3470843,1,0
-0,3390527,1,0
-0,3266048,1,0
-0,3099578,1,0
-0,3003452,1,0
-0,2897505,1,0
-0,2808917,1,0
-0,2726997,1,0
-0,2607078,1,0
-0,2476485,1,0
-0,2412723,1,0
-0,2342346,1,0
-0,2187966,1,0
-0,2093157,1,0
-0,2002839,1,0
-0,1929834,1,0
-0,1840089,1,0
-0,1728579,1,0
-0,1639797,1,0
-0,1522518,1,0
-0,1418898,1,0
-0,1314108,1,0
-0,1211661,1,0
-0,108552,1,0
-0,10023,1,0
-0,08896676,1,0
-0,104424,1,0
-0,1430487,1,0
-0,1516215,1,0
-0,1627131,1,0
-0,1698549,1,0
-0,1784193,1,0
-0,1879884,1,0
-0,2033184,1,0
-0,215133,1,0
-0,2280924,1,0
-0,2358699,1,0
-0,2426181,1,0
-0,2557566,1,0
-0,2741247,1,0
-0,2837513,1,0
-0,2915012,1,0
-0,3010685,1,0
-0,3113549,1,0
-0,2995385,1,0
-0,2917688,1,0
-0,2840948,1,0
-0,271112,1,0
-0,2618411,1,0
-0,2533895,1,0
-0,2438198,1,0
-0,2372114,1,0
-0,2269043,1,0
-0,2130884,1,0
-0,2048297,1,0
-0,1979183,1,0
-0,1913519,1,0
-0,18443,1,0
-0,1712135,1,0
-0,1616024,1,0
-0,1494281,1,0
-0,1419056,1,0
-0,1292864,1,0
-0,1213349,1,0
-0,1141409,1,0
-0,0843854,1,0
-0,07889239,1,0
-0,06551719,1,0
-0,02232079,1,0
-0,01435039,1,0
-0,007169292,1,0
0,1,0
0,1,0
0,1,0
0,1,0
0,1,0
0,1,0
0,1,0
0,1,0
0,1,0
0,1,0
0,1,0
0,1,0
0,1,0
0,1,0
0,1,0
0,1,0
0,1,0
0,1,0
0,1,0
0,1,0
0,1,0
0,1,0
0,1,0
0,1,0
0,1,0
0,1,0
0,1,0
0,1,0
0,1,0
0,1,0
0,1,0
0,1,0
0,1,0
0,1,0
0,1,0
0,1,0
0,1,0
0,1,0
0,1,0
0,1,0
0,1,0
0,1,0
0,1,0
0,1,0
0,1,0
0,1,0
0,1,0
0,1,0
0,1,0
0,1,0
0,1,0
0,1,0
0,1,0
0,1,0
0,1,0
0,1,0
0,1,0
0,1,0
0,1,0
0,1,0
0,1,0
0,1,0
0,1,0
0,1,0
0,1,0
0,1,0
0,1,0
0,1,0
0,1,0
0,1,0
0,1,0
0,1,0
0,1,0
0,1,0
0,1,0
0,1,0
0,1,0
0,1,0
0,1,0
0,1,0
0,1,0
0,1,0
0,1,0
0,1,0
0,1,0
0,1,0
0,1,0
0,1,0
0,1,0
0,1,0
0,1,0
0,1,0
0,1,0
0,1,0
0,1,0
0,1,0
0,1,0
0,1,0
0,1,0
0,1,0
0,1,0
0,1,0
0,1,0
0,1,0
0,1,0
0,1,0
0,1,0
0,1,0
0,1,0
0,1,0
0,1,0
0,1,0
0,1,0
0,1,0
0,1,0
0,1,0
0,1,0
0,1,0
0,1,0
0,1,0
0,1,0
0,1,0
0,1,0
0,1,0
0,1,0
0,1,0
0,1,0
0,1,0
0,1,0
0,1,0
0,1,0
0,1,0
0,1,0
0,1,0
0,1,0
0,1,0
0,1,0
0,1,0
0,1,0
0,1,0
0,1,0
0,1,0
0,1,0
0,1,0
0,1,0
0,1,0
0,1,0
0,1,0
0,1,0
0,1,0
0,1,0
0,1,0
0,1,0
0,1,0
0,1,0
0,1,0
0,1,0
0,1,0
0,1,0
0,1,0
0,1,0
0,1,0
0,1,0
0,1,0
0,1,0
0,1,0
0,1,0
0,1,0
0,1,0
0,1,0
0,1,0
0,1,0
0,1,0
0,1,0
0,1,0
0,1,0
0,1,0
0,1,0
0,1,0
0,1,0
0,1,0
0,1,0
0,1,0
0,1,0
0,1,0
0,1,0
0,1,0
0,1,0
0,1,0
0,1,0
0,1,0
0,1,0
0,1,0
0,1,0
0,1,0
0,1,0
0,1,0
0,1,0
0,1,0
0,1,0
0,1,0
0,1,0
-0,0108459,1,0
-0,0195456,1,0
-0,0287367,1,0
-0,0363528,1,0
-0,0448434,1,0
-0,0536535,1,0
-0,0609543,1,0
-0,06871589,1,0
-0,07780439,1,0
-0,0852768,1,0
-0,09377819,1,0
-0,1327161,1,0
-0,139071,1,0
-0,1451244,1,0
-0,1518453,1,0
-0,1602003,1,0
-0,1659321,1,0
-0,1774764,1,0
-0,1844358,1,0
-0,1921092,1,0
-0,2022816,1,0
-0,1939068,1,0
-0,1849086,1,0
-0,1793256,1,0
-0,1717266,1,0
-0,1648149,1,0
-0,1580853,1,0
-0,1520001,1,0
-0,1436754,1,0
-0,1359732,1,0
-0,125766,1,0
-0,117279,1,0
-0,1102707,1,0
-0,1046109,1,0
-0,09807899,1,0
-0,09105029,1,0
-0,08328899,1,0
-0,07688729,1,0
-0,07003438,1,0
-0,06181679,1,0
-0,05508178,1,0
-0,04778698,1,0
-0,04010879,1,0
-0,03265379,1,0
-0,02232659,1,0
-0,01563089,1,0
-0,008898886,1,0
-0,001757086,1,0
0,1,0
0,1,0
0,1,0
0,1,0
0,1,0
0,1,0
0,1,0
0,1,0
0,1,0
0,1,0
0,1,0
0,1,0
0,1,0
0,1,0
0,1,0
0,1,0
0,1,0
0,1,0
0,1,0
0,1,0
0,1,0
0,1,0
0,1,0
0,1,0
0,1,0
0,1,0
0,1,0
0,1,0
0,1,0
0,1,0
0,1,0
0,1,0
0,1,0
0,1,0
0,1,0
0,1,0
0,1,0
0,1,0
0,1,0
0,1,0
0,1,0
0,1,0
0,1,0
0,1,0
0,1,0
0,1,0
0,1,0
0,1,0
0,1,0
0,1,0
0,1,0
0,1,0
0,1,0
0,1,0
0,1,0
0,1,0
0,1,0
0,1,0
0,1,0
0,1,0
-0,0093309,1,0
-0,0184773,1,0
-0,0278649,1,0
-0,0331278,1,0
-0,0385797,1,0
-0,0446421,1,0
-0,0536217,1,0
-0,0601533,1,0
-0,0672282,1,0
-0,0725514,1,0
-0,0776796,1,0
-0,0862512,1,0
-0,0928836,1,0
-0,1005522,1,0
-0,1086219,1,0
-0,1193565,1,0
-0,1564527,1,0
-0,1628403,1,0
-0,1703565,1,0
-0,1786845,1,0
-0,1887969,1,0
-0,195684,1,0
-0,2026269,1,0
-0,2274735,1,0
-0,2367408,1,0
-0,2429625,1,0
-0,248976,1,0
-0,25605,1,0
-0,2637576,1,0
-0,2725914,1,0
-0,2802297,1,0
-0,2890047,1,0
-0,2982159,1,0
-0,3036072,1,0
-0,3112497,1,0
-0,3196239,1,0
-0,3282259,1,0
-0,3348769,1,0
-0,3415408,1,0
-0,3529657,1,0
-0,3408465,1,0
-0,3323877,1,0
-0,3219507,1,0
-0,3097269,1,0
-0,3024498,1,0
-0,29424,1,0
-0,2877768,1,0
-0,2778279,1,0
-0,2695953,1,0
-0,2622585,1,0
-0,2555637,1,0
-0,2492214,1,0
-0,2414802,1,0
-0,2326863,1,0
-0,2246337,1,0
-0,2143638,1,0
-0,2064279,1,0
-0,1962519,1,0
-0,1882392,1,0
-0,176328,1,0
-0,1676064,1,0
-0,1606236,1,0
-0,1498284,1,0
-0,1421646,1,0
-0,1316001,1,0
-0,08768851,1,0
-0,07896091,1,0
-0,06591181,1,0
-0,04145401,1,0
-0,02130961,1,0
-0,005228706,1,0
0,1,0
0,1,0
0,1,0
0,1,0
0,1,0
0,1,0
0,1,0
0,1,0
0,1,0
0,1,0
0,1,0
0,1,0
0,1,0
0,1,0
0,1,0
0,1,0
0,1,0
0,1,0
0,1,0
0,1,0
0,1,0
-0,017514,1,0
-0,028734,1,0
-0,045669,1,0
-0,05417971,1,0
-0,06390961,1,0
-0,07864231,1,0
-0,09074191,1,0
-0,1019583,1,0
-0,1150359,1,0
-0,1568394,1,0
-0,1688349,1,0
-0,1763526,1,0
-0,1846431,1,0
-0,1944543,1,0
-0,2038098,1,0
-0,2112717,1,0
-0,2237031,1,0
-0,2307495,1,0
-0,2205528,1,0
-0,2133477,1,0
-0,2032566,1,0
-0,1918995,1,0
-0,1807815,1,0
-0,1703703,1,0
-0,14952,1,0
-0,1409772,1,0
-0,1338375,1,0
-0,1254204,1,0
-0,1174647,1,0
-0,1108422,1,0
-0,1048209,1,0
-0,09912992,1,0
-0,09031172,1,0
-0,08342822,1,0
-0,07596902,1,0
-0,06801632,1,0
-0,05992442,1,0
-0,05097272,1,0
-0,04385942,1,0
-0,03793052,1,0
-0,03277442,1,0
-0,02670062,1,0
-0,02039552,1,0
-0,01352762,1,0
-0,005802618,1,0
0,1,0
0,1,0
0,1,0
0,1,0
0,1,0
0,1,0
0,1,0
0,1,0
0,1,0
0,1,0
0,1,0
0,1,0
0,1,0
0,1,0
0,1,0
0,1,0
0,1,0
0,1,0
0,1,0
0,1,0
0,1,0
0,1,0
0,1,0
0,1,0
0,1,0
0,1,0
0,1,0
0,1,0
0,1,0
0,1,0
0,1,0
0,1,0
0,1,0
0,1,0
0,1,0
0,1,0
0,1,0
0,1,0
0,1,0
0,1,0
0,1,0
0,1,0
0,1,0
0,1,0
0,1,0
0,1,0
0,1,0
0,1,0
0,1,0
0,1,0
0,1,0
0,1,0
-0,0122418,1,0
-0,0205629,1,0
-0,0296082,1,0
-0,0388416,1,0
-0,0479133,1,0
-0,0569094,1,0
-0,0684774,1,0
-0,0796473,1,0
-0,0918849,1,0
-0,1001499,1,0
-0,1083066,1,0
-0,1178229,1,0
-0,1759548,1,0
-0,1885671,1,0
-0,1969731,1,0
-0,2075697,1,0
-0,2195775,1,0
-0,231711,1,0
-0,2398935,1,0
-0,2518533,1,0
-0,2648166,1,0
-0,2785413,1,0
-0,2847027,1,0
-0,2970594,1,0
-0,306687,1,0
-0,3151377,1,0
-0,3251133,1,0
-0,3353937,1,0
-0,3468087,1,0
-0,35487,1,0
-0,3682359,1,0
-0,3811722,1,0
-0,3916433,1,0
-0,400214,1,0
-0,4111125,1,0
-0,3968391,1,0
-0,3869852,1,0
-0,3765236,1,0
-0,363941,1,0
-0,3528011,1,0
-0,3427937,1,0
-0,3342893,1,0
-0,3256586,1,0
-0,3169656,1,0
-0,3071262,1,0
-0,2961315,1,0
-0,2886942,1,0
-0,2826054,1,0
-0,2741937,1,0
-0,2645817,1,0
-0,2527962,1,0
-0,2137971,1,0
-0,205407,1,0
-0,1958802,1,0
-0,1894554,1,0
-0,1780995,1,0
-0,1706235,1,0
-0,1608371,1,0
-0,1506266,1,0
-0,1437014,1,0
-0,1350344,1,0
-0,1252091,1,0
-0,1184156,1,0
-0,1112465,1,0
-0,103235,1,0
-0,09203364,1,0
-0,08485944,1,0
-0,07645914,1,0
-0,06976194,1,0
-0,05901144,1,0
-0,04971534,1,0
-0,04057314,1,0
-0,03326604,1,0
-0,02664594,1,0
-0,01875444,1,0
-0,01130514,1,0
-0,001320841,1,0
0,1,0
0,1,0
0,1,0
0,1,0
0,1,0
0,1,0
0,1,0
0,1,0
0,1,0
0,1,0
0,1,0
0,1,0
0,1,0
0,1,0
0,1,0
0,1,0
0,1,0
0,1,0
-0,0099393,1,0
-0,0203481,1,0
-0,027075,1,0
-0,0375555,1,0
-0,0443016,1,0
-0,0531597,1,0
-0,0926103,1,0
-0,100962,1,0
-0,105525,1,0
-0,112746,1,0
-0,1195269,1,0
-0,1284042,1,0
-0,1382472,1,0
-0,1473096,1,0
-0,1403655,1,0
-0,1330797,1,0
-0,1265487,1,0
-0,1166256,1,0
-0,1053726,1,0
-0,09119609,1,0
-0,07196459,1,0
-0,06622019,1,0
-0,0577452,1,0
-0,0508875,1,0
-0,04470719,1,0
-0,03819359,1,0
-0,0332958,1,0
-0,0265584,1,0
-0,018744,1,0
-0,0122556,1,0
-0,004476596,1,0
0,1,0
0,1,0
0,1,0
0,1,0
0,1,0
0,1,0
0,1,0
0,1,0
0,1,0
0,1,0
0,1,0
0,1,0
0,1,0
0,1,0
0,1,0
0,1,0
0,1,0
0,1,0
0,1,0
0,1,0
0,1,0
0,1,0
0,1,0
0,1,0
0,1,0
0,1,0
0,1,0
0,1,0
0,1,0
0,1,0
0,1,0
0,1,0
0,1,0
0,1,0
0,1,0
0,1,0
0,1,0
0,1,0
0,1,0
0,1,0
0,1,0
0,1,0
0,1,0
0,1,0
0,1,0
0,1,0
0,1,0
0,1,0
0,1,0
0,1,0
0,1,0
0,1,0
0,1,0
0,1,0
0,1,0
0,1,0
0,1,0
0,1,0
0,1,0
0,1,0
0,1,0
0,1,0
-0,0127659,1,0
-0,0212364,1,0
-0,0295539,1,0
-0,0368904,1,0
-0,0454509,1,0
-0,0539421,1,0
-0,0626937,1,0
-0,0725223,1,0
-0,0817461,1,0
-0,0912297,1,0
-0,1074501,1,0
-0,1157394,1,0
-0,1231011,1,0
-0,1324032,1,0
-0,1715205,1,0
-0,1815636,1,0
-0,188994,1,0
-0,1961085,1,0
-0,2014869,1,0
-0,2088663,1,0
-0,2168856,1,0
-0,2252967,1,0
-0,2330016,1,0
-0,2390487,1,0
-0,244647,1,0
-0,2516145,1,0
-0,2617878,1,0
-0,2730849,1,0
-0,281454,1,0
-0,2875893,1,0
-0,2940339,1,0
-0,3000519,1,0
-0,3053973,1,0
-0,3112446,1,0
-0,3188574,1,0
-0,3275883,1,0
-0,3361323,1,0
-0,3444414,1,0
-0,3515193,1,0
-0,3585798,1,0
-0,3713001,1,0
-0,3820416,1,0
-0,3901842,1,0
-0,396684,1,0
-0,4045839,1,0
-0,4135824,1,0
-0,4050645,1,0
-0,3937611,1,0
-0,3866109,1,0
-0,3773841,1,0
-0,3714639,1,0
-0,3575964,1,0
-0,3485013,1,0
-0,34125,1,0
-0,3331275,1,0
-0,3175524,1,0
-0,3077916,1,0
-0,2990109,1,0
-0,2878707,1,0
-0,2813046,1,0
-0,2733861,1,0
-0,2680566,1,0
-0,2576904,1,0
-0,2404959,1,0
-0,1842324,1,0
-0,1740396,1,0
-0,1650813,1,0
-0,1481625,1,0
-0,141483,1,0
-0,1288725,1,0
-0,1185117,1,0
-0,09308015,1,0
-0,08264644,1,0
-0,07360324,1,0
-0,06575555,1,0
-0,05649005,1,0
-0,04101215,1,0
-0,03091925,1,0
-0,02471585,1,0
-0,01654145,1,0
-0,009832852,1,0
0,1,0
0,1,0
0,1,0
0,1,0
0,1,0
0,1,0
0,1,0
0,1,0
0,1,0
0,1,0
0,1,0
0,1,0
-0,0131865,1,0
-0,0224472,1,0
-0,0308994,1,0
-0,038037,1,0
-0,0478251,1,0
-0,0545034,1,0
-0,0610956,1,0
-0,07088999,1,0
-0,07852919,1,0
-0,08529659,1,0
-0,0925329,1,0
-0,1003908,1,0
-0,1072494,1,0
-0,113376,1,0
-0,1506252,1,0
-0,1601805,1,0
-0,1672533,1,0
-0,1745187,1,0
-0,1805199,1,0
-0,1891068,1,0
-0,1970748,1,0
-0,2042229,1,0
-0,2120358,1,0
-0,2177733,1,0
-0,2239662,1,0
-0,2326713,1,0
-0,2411562,1,0
-0,2506005,1,0
-0,2598978,1,0
-0,2757759,1,0
-0,2808537,1,0
-0,287551,1,0
-0,2960424,1,0
-0,3053311,1,0
-0,3152038,1,0
-0,3230362,1,0
-0,3289768,1,0
-0,3352582,1,0
-0,3443587,1,0
-0,3526711,1,0
-0,3594564,1,0
-0,3683271,1,0
-0,3739333,1,0
-0,3795631,1,0
-0,3846718,1,0
-0,3907186,1,0
-0,3986008,1,0
-0,4058818,1,0
-0,4124026,1,0
-0,4205938,1,0
-0,4095757,1,0
-0,3970567,1,0
-0,3902953,1,0
-0,3838894,1,0
-0,3777694,1,0
-0,3697834,1,0
-0,3625513,1,0
-0,353458,1,0
-0,3459508,1,0
-0,3386959,1,0
-0,3331804,1,0
-0,3261247,1,0
-0,3188161,1,0
-0,3114637,1,0
-0,3032941,1,0
-0,2924815,1,0
-0,2855656,1,0
-0,2791843,1,0
-0,2679277,1,0
-0,2312461,1,0
-0,2226793,1,0
-0,2165413,1,0
-0,209233,1,0
-0,2003758,1,0
-0,1900264,1,0
-0,1828639,1,0
-0,1698604,1,0
-0,1517251,1,0
-0,1457221,1,0
-0,1392943,1,0
-0,129763,1,0
-0,1234702,1,0
-0,1161925,1,0
-0,1098181,1,0
-0,1003888,1,0
-0,09187628,1,0
-0,08520579,1,0
-0,06459969,1,0
-0,05804949,1,0
-0,04994828,1,0
-0,04196438,1,0
-0,03553928,1,0
-0,02869868,1,0
-0,02203658,1,0
-0,01484678,1,0
-0,007859484,1,0
0,1,0
0,1,0
0,1,0
0,1,0
0,1,0
0,1,0
0,1,0
0,1,0
0,1,0
0,1,0
0,1,0
0,1,0
0,1,0
0,1,0
0,1,0
0,1,0
0,1,0
0,1,0
0,1,0
-0,0113016,1,0
-0,0191469,1,0
-0,0262236,1,0
-0,0336018,1,0
-0,0401781,1,0
-0,0490293,1,0
-0,0584229,1,0
-0,0981267,1,0
-0,105591,1,0
-0,1157979,1,0
-0,1218492,1,0
-0,1287522,1,0
-0,1363938,1,0
-0,1443942,1,0
-0,1514034,1,0
-0,1572972,1,0
-0,1636269,1,0
-0,1729956,1,0
-0,1803366,1,0
-0,1898676,1,0
-0,1962678,1,0
-0,2018271,1,0
-0,2079156,1,0
-0,2171526,1,0
-0,2245299,1,0
-0,2334843,1,0
-0,240594,1,0
-0,2483838,1,0
-0,2553261,1,0
-0,2603217,1,0
-0,2680848,1,0
-0,2759487,1,0
-0,2856369,1,0
-0,2938284,1,0
-0,3034248,1,0
-0,3097191,1,0
-0,3162564,1,0
-0,3229149,1,0
-0,330489,1,0
-0,3388875,1,0
-0,3295209,1,0
-0,3181461,1,0
-0,3079818,1,0
-0,2981427,1,0
-0,2926026,1,0
-0,2857989,1,0
-0,2789109,1,0
-0,2707626,1,0
-0,2626836,1,0
-0,2556195,1,0
-0,2487117,1,0
-0,2423469,1,0
-0,2363976,1,0
-0,2305524,1,0
-0,2220213,1,0
-0,2152446,1,0
-0,2007909,1,0
-0,1801707,1,0
-0,1707171,1,0
-0,164199,1,0
-0,1295217,1,0
-0,1208184,1,0
-0,111402,1,0
-0,1014021,1,0
-0,09451713,1,0
-0,08623923,1,0
-0,07744712,1,0
-0,06640262,1,0
-0,06093182,1,0
-0,05567222,1,0
-0,04821932,1,0
-0,04049132,1,0
-0,03381962,1,0
-0,02355992,1,0
-0,01661072,1,0
-0,005844925,1,0
0,1,0
0,1,0
0,1,0
0,1,0
0,1,0
0,1,0
0,1,0
0,1,0
0,1,0
0,1,0
0,1,0
0,1,0
0,1,0
0,1,0
0,1,0
0,1,0
0,1,0
0,1,0
-0,0088455,1,0
-0,0226476,1,0
-0,0278364,1,0
-0,0343788,1,0
-0,0416871,1,0
-0,0517398,1,0
-0,0588798,1,0
-0,0715908,1,0
-0,08279909,1,0
-0,0892584,1,0
-0,0967245,1,0
-0,1023336,1,0
-0,1081788,1,0
-0,1139001,1,0
-0,1220556,1,0
-0,1299699,1,0
-0,1372959,1,0
-0,1482717,1,0
-0,1862937,1,0
-0,1951701,1,0
-0,2034834,1,0
-0,2108505,1,0
-0,2174148,1,0
-0,2247954,1,0
-0,2329983,1,0
-0,2401677,1,0
-0,2513853,1,0
-0,2609658,1,0
-0,2676084,1,0
-0,2735391,1,0
-0,2800119,1,0
-0,2862552,1,0
-0,2788287,1,0
-0,2714637,1,0
-0,2625459,1,0
-0,2571171,1,0
-0,2486823,1,0
-0,2413101,1,0
-0,2331132,1,0
-0,2235804,1,0
-0,2170158,1,0
-0,2100807,1,0
-0,2006907,1,0
-0,194418,1,0
-0,1879158,1,0
-0,1803825,1,0
-0,1738488,1,0
-0,1672551,1,0
-0,1605507,1,0
-0,1555689,1,0
-0,1501449,1,0
-0,1420161,1,0
-0,1337247,1,0
-0,121731,1,0
-0,1161123,1,0
-0,1081983,1,0
-0,09435179,1,0
-0,08789609,1,0
-0,0796992,1,0
-0,07243469,1,0
-0,0658647,1,0
-0,05916,1,0
-0,0530103,1,0
-0,0454089,1,0
-0,0388254,1,0
-0,029259,1,0
-0,0210381,1,0
-0,014406,1,0
-0,0080271,1,0
-0,0010473,1,0
0,1,0
0,1,0
0,1,0
0,1,0
0,1,0
0,1,0
0,1,0
0,1,0
0,1,0
0,1,0
0,1,0
0,1,0
0,1,0
0,1,0
0,1,0
0,1,0
0,1,0
0,1,0
0,1,0
0,1,0
0,1,0
0,1,0
0,1,0
0,1,0
0,1,0
0,1,0
0,1,0
0,1,0
0,1,0
-0,0143016,1,0
-0,0265977,1,0
-0,0356148,1,0
-0,0437286,1,0
-0,0519708,1,0
-0,059025,1,0
-0,0665994,1,0
-0,0731871,1,0
-0,0788205,1,0
-0,0878967,1,0
-0,09446999,1,0
-0,1013643,1,0
-0,108072,1,0
-0,1154685,1,0
-0,126162,1,0
-0,1346811,1,0
-0,1552161,1,0
-0,1635417,1,0
-0,1711713,1,0
-0,1792164,1,0
-0,1859037,1,0
-0,1942635,1,0
-0,2013381,1,0
-0,2092362,1,0
-0,2143584,1,0
-0,2242206,1,0
-0,2320206,1,0
-0,2734713,1,0
-0,2820285,1,0
-0,2728188,1,0
-0,2619303,1,0
-0,2525706,1,0
-0,2457477,1,0
-0,2348529,1,0
-0,227439,1,0
-0,2158908,1,0
-0,2075691,1,0
-0,1988607,1,0
-0,1920771,1,0
-0,1844523,1,0
-0,1749267,1,0
-0,1683105,1,0
-0,1615941,1,0
-0,1554447,1,0
-0,1477425,1,0
-0,1368954,1,0
-0,1268853,1,0
-0,1210308,1,0
-0,1110066,1,0
-0,1051485,1,0
-0,09558541,1,0
-0,08891191,1,0
-0,08295601,1,0
-0,07750171,1,0
-0,07194751,1,0
-0,06448501,1,0
-0,05238631,1,0
-0,0430899,1,0
-0,0301458,1,0
-0,0224082,1,0
0,1,0
0,1,0
0,1,0
0,1,0
0,1,0
0,1,0
0,1,0
0,1,0
0,1,0
0,1,0
0,1,0
0,1,0
0,1,0
0,1,0
0,1,0
0,1,0
0,1,0
0,1,0
0,1,0
0,1,0
0,1,0
0,1,0
0,1,0
0,1,0
0,1,0
0,1,0
0,1,0
0,1,0
0,1,0
0,1,0
0,1,0
0,1,0
0,1,0
0,1,0
0,1,0
0,1,0
0,1,0
0,1,0
0,1,0
0,1,0
0,1,0
0,1,0
0,1,0
0,1,0
0,1,0
0,1,0
0,1,0
0,1,0
0,1,0
0,1,0
0,1,0
0,1,0
0,1,0
0,1,0
0,1,0
0,1,0
0,1,0
0,1,0
0,1,0
0,1,0
0,1,0
0,1,0
0,1,0
0,1,0
0,1,0
0,1,0
0,1,0
0,1,0
0,1,0
0,1,0
0,1,0
0,1,0
0,1,0
0,1,0
0,1,0
0,1,0
0,1,0
0,1,0
0,1,0
0,1,0
0,1,0
0,1,0
0,1,0
0,1,0
0,1,0
0,1,0
0,1,0
0,1,0
0,1,0
0,1,0
0,1,0
0,1,0
0,1,0
0,1,0
0,1,0
0,1,0
0,1,0
0,1,0
0,1,0
0,1,0
0,1,0
0,1,0
0,1,0
0,1,0
0,1,0
0,1,0
0,1,0
0,1,0
0,1,0
0,1,0
0,1,0
0,1,0
0,1,0
0,1,0
0,1,0
0,1,0
0,1,0
0,1,0
0,1,0
0,1,0
0,1,0
0,1,0
0,1,0
0,1,0
0,1,0
0,1,0
0,1,0
0,1,0
0,1,0
0,1,0
0,1,0
0,1,0
0,1,0
0,1,0
0,1,0
0,1,0
0,1,0
0,1,0
0,1,0
0,1,0
0,1,0
0,1,0
0,1,0
0,1,0
0,1,0
0,1,0
0,1,0
0,1,0
0,1,0
0,1,0
0,1,0
0,1,0
0,1,0
0,1,0
-0,0164643,1,0
-0,02892,1,0
-0,0404709,1,0
-0,0470895,1,0
-0,0558843,1,0
-0,0647943,1,0
-0,0749028,1,0
-0,0833199,1,0
-0,0897813,1,0
-0,1006632,1,0
-0,1083126,1,0
-0,1148055,1,0
-0,1201197,1,0
-0,1308795,1,0
-0,1411332,1,0
-0,153639,1,0
-0,1657971,1,0
-0,1733367,1,0
-0,1825122,1,0
-0,1908444,1,0
-0,1976112,1,0
-0,2027904,1,0
-0,2098626,1,0
-0,2208369,1,0
-0,2316462,1,0
-0,2416731,1,0
-0,247002,1,0
-0,254202,1,0
-0,2659143,1,0
-0,2778051,1,0
-0,2880324,1,0
-0,2954265,1,0
-0,3017289,1,0
-0,3089802,1,0
-0,3159444,1,0
-0,3265419,1,0
-0,3395253,1,0
-0,3476067,1,0
-0,3545652,1,0
-0,3610065,1,0
-0,3684846,1,0
-0,3774426,1,0
-0,3841611,1,0
-0,3910182,1,0
-0,3963192,1,0
-0,4049376,1,0
-0,4150545,1,0
-0,3735183,1,0
-0,3597474,1,0
-0,3506837,1,0
-0,3446057,1,0
-0,3347114,1,0
-0,3274082,1,0
-0,319421,1,0
-0,3116147,1,0
-0,3039161,1,0
-0,295055,1,0
-0,2857994,1,0
-0,2763893,1,0
-0,2631428,1,0
-0,2533604,1,0
-0,2444084,1,0
-0,2375747,1,0
-0,2281088,1,0
-0,2208308,1,0
-0,2126945,1,0
-0,205799,1,0
-0,1951547,1,0
-0,185966,1,0
-0,1778435,1,0
-0,1704764,1,0
-0,1626677,1,0
-0,1527659,1,0
-0,1451189,1,0
-0,1373393,1,0
-0,1295939,1,0
-0,1217321,1,0
-0,1150442,1,0
-0,1030388,1,0
-0,09073522,1,0
-0,08491672,1,0
-0,07573942,1,0
-0,06547222,1,0
-0,05773642,1,0
-0,04967722,1,0
-0,03912202,1,0
-0,03152632,1,0
-0,02469652,1,0
-0,01684402,1,0
-0,01021252,1,0
0,1,0
0,1,0
0,1,0
0,1,0
0,1,0
0,1,0
0,1,0
0,1,0
0,1,0
0,1,0
0,1,0
0,1,0
0,1,0
0,1,0
0,1,0
0,1,0
0,1,0
0,1,0
0,1,0
0,1,0
0,1,0
0,1,0
0,1,0
0,1,0
0,1,0
0,1,0
0,1,0
0,1,0
0,1,0
-0,0126669,1,0
-0,0223893,1,0
-0,0301185,1,0
-0,0378519,1,0
-0,0456549,1,0
-0,0577272,1,0
-0,0677061,1,0
-0,0783129,1,0
-0,0870603,1,0
-0,0965931,1,0
-0,1059273,1,0
-0,1142385,1,0
-0,120339,1,0
-0,1309692,1,0
-0,1411119,1,0
-0,1498308,1,0
-0,156144,1,0
-0,1620432,1,0
-0,1698846,1,0
-0,1811958,1,0
-0,1914666,1,0
-0,2016609,1,0
-0,210732,1,0
-0,2229459,1,0
-0,2680095,1,0
-0,2789847,1,0
-0,2864181,1,0
-0,2955096,1,0
-0,3033615,1,0
-0,3114507,1,0
-0,3178326,1,0
-0,3312405,1,0
-0,3416946,1,0
-0,3496665,1,0
-0,3393942,1,0
-0,3278829,1,0
-0,3204354,1,0
-0,3115905,1,0
-0,3019389,1,0
-0,2931159,1,0
-0,2863806,1,0
-0,2784876,1,0
-0,2664279,1,0
-0,2570478,1,0
-0,2489802,1,0
-0,2413308,1,0
-0,2308113,1,0
-0,2196609,1,0
-0,2124543,1,0
-0,2047698,1,0
-0,1984482,1,0
-0,190299,1,0
-0,1809219,1,0
-0,1703097,1,0
-0,1630347,1,0
-0,1537026,1,0
-0,1359993,1,0
-0,1289079,1,0
-0,1192137,1,0
-0,1114239,1,0
-0,1007349,1,0
-0,0929601,1,0
-0,0844788,1,0
-0,0776811,1,0
-0,0671529,1,0
-0,058407,1,0
-0,0472239,1,0
-0,0392664,1,0
-0,0297981,1,0
-0,0189435,1,0
0,1,0
0,1,0
0,1,0
0,1,0
0,1,0
0,1,0
0,1,0
0,1,0
0,1,0
0,1,0
0,1,0
0,1,0
0,1,0
0,1,0
0,1,0
0,1,0
0,1,0
0,1,0
0,1,0
0,1,0
0,1,0
0,1,0
0,1,0
0,1,0
0,1,0
0,1,0
0,1,0
0,1,0
0,1,0
0,1,0
0,1,0
0,1,0
0,1,0
0,1,0
0,1,0
0,1,0
0,1,0
0,1,0
0,1,0
0,1,0
0,1,0
0,1,0
0,1,0
0,1,0
0,1,0
0,1,0
0,1,0
0,1,0
0,1,0
0,1,0
0,1,0
0,1,0
0,1,0
0,1,0
0,1,0
0,1,0
0,1,0
0,1,0
0,1,0
0,1,0
0,1,0
0,1,0
0,1,0
0,1,0
0,1,0
0,1,0
0,1,0
0,1,0
0,1,0
0,1,0
0,1,0
0,1,0
0,1,0
0,1,0
-0,0126066,1,0
-0,0278613,1,0
-0,0351567,1,0
-0,0441138,1,0
-0,0975831,1,0
-0,1084458,1,0
-0,1144338,1,0
-0,1240959,1,0
-0,1336296,1,0
-0,1443792,1,0
-0,153015,1,0
-0,1602594,1,0
-0,1691178,1,0
-0,1837392,1,0
-0,1922253,1,0
-0,2010084,1,0
-0,2076789,1,0
-0,2183442,1,0
-0,2260212,1,0
-0,2358792,1,0
-0,2448684,1,0
-0,2538081,1,0
-0,2662758,1,0
-0,2752296,1,0
-0,2864082,1,0
-0,2953548,1,0
-0,3092574,1,0
-0,3182769,1,0
-0,3277881,1,0
-0,3383235,1,0
-0,3477897,1,0
-0,3579696,1,0
-0,3658192,1,0
-0,3755479,1,0
-0,3922932,1,0
-0,4020552,1,0
-0,4097406,1,0
-0,4274865,1,0
-0,4149711,1,0
-0,4007863,1,0
-0,390765,1,0
-0,3801672,1,0
-0,3681262,1,0
-0,3532102,1,0
-0,286135,1,0
-0,2731987,1,0
-0,2651473,1,0
-0,2537743,1,0
-0,2448619,1,0
-0,2372809,1,0
-0,2277514,1,0
-0,2153806,1,0
-0,2065774,1,0
-0,1974373,1,0
-0,1895851,1,0
-0,1759096,1,0
-0,1615876,1,0
-0,1542364,1,0
-0,1471255,1,0
-0,1363015,1,0
-0,1284388,1,0
-0,1189837,1,0
-0,1058569,1,0
-0,09646478,1,0
-0,08907728,1,0
-0,07698098,1,0
-0,06597428,1,0
-0,05682038,1,0
-0,04645718,1,0
-0,03682208,1,0
-0,02673938,1,0
-0,01922588,1,0
-0,01211978,1,0
-0,00408488,1,0
0,1,0
0,1,0
0,1,0
0,1,0
0,1,0
0,1,0
0,1,0
0,1,0
0,1,0
0,1,0
0,1,0
-0,0518703,1,0
-0,0672333,1,0
-0,0743877,1,0
-0,0837102,1,0
-0,09022141,1,0
-0,09748231,1,0
-0,1073421,1,0
-0,1196523,1,0
-0,1300785,1,0
-0,1439928,1,0
-0,1544277,1,0
-0,1623381,1,0
-0,1721319,1,0
-0,1804779,1,0
-0,1890357,1,0
-0,1970274,1,0
-0,2058513,1,0
-0,2193834,1,0
-0,2327274,1,0
-0,242274,1,0
-0,2505036,1,0
-0,2610147,1,0
-0,2703462,1,0
-0,2764383,1,0
-0,2849742,1,0
-0,2932164,1,0
-0,3035715,1,0
-0,3128907,1,0
-0,3248868,1,0
-0,3359469,1,0
-0,3455859,1,0
-0,3551121,1,0
-0,3447348,1,0
-0,3344313,1,0
-0,3243123,1,0
-0,3158025,1,0
-0,3073776,1,0
-0,298131,1,0
-0,284289,1,0
-0,2710479,1,0
-0,2570025,1,0
-0,2107089,1,0
-0,2020302,1,0
-0,1943178,1,0
-0,1827132,1,0
-0,1750329,1,0
-0,1664025,1,0
-0,1565121,1,0
-0,1410183,1,0
-0,133296,1,0
-0,1247253,1,0
-0,1168704,1,0
-0,1085337,1,0
-0,09785494,1,0
-0,08571874,1,0
-0,07887124,1,0
-0,07115434,1,0
-0,06223174,1,0
-0,05020024,1,0
-0,04342714,1,0
-0,03475414,1,0
-0,02488954,1,0
-0,01265164,1,0
-0,0009306436,1,0
0,1,0
0,1,0
0,1,0
0,1,0
0,1,0
0,1,0
0,1,0
0,1,0
0,1,0
0,1,0
0,1,0
0,1,0
0,1,0
0,1,0
0,1,0
0,1,0
0,1,0
0,1,0
0,1,0
0,1,0
0,1,0
0,1,0
0,1,0
0,1,0
0,1,0
0,1,0
0,1,0
0,1,0
0,1,0
0,1,0
0,1,0
0,1,0
0,1,0
0,1,0
0,1,0
0,1,0
0,1,0
0,1,0
0,1,0
0,1,0
0,1,0
0,1,0
0,1,0
0,1,0
0,1,0
0,1,0
0,1,0
0,1,0
0,1,0
0,1,0
0,1,0
0,1,0
0,1,0
0,1,0
0,1,0
0,1,0
0,1,0
0,1,0
0,1,0
0,1,0
0,1,0
0,1,0
0,1,0
0,1,0
0,1,0
0,1,0
0,1,0
0,1,0
0,1,0
0,1,0
0,1,0
0,1,0
0,1,0
0,1,0
0,1,0
0,1,0
0,1,0
0,1,0
0,1,0
0,1,0
0,1,0
0,1,0
-0,0162837,1,0
-0,0276576,1,0
-0,0361329,1,0
-0,0487638,1,0
-0,0640767,1,0
-0,0765354,1,0
-0,0871539,1,0
-0,09725761,1,0
-0,1063203,1,0
-0,1191453,1,0
-0,1283151,1,0
-0,1366854,1,0
-0,1469247,1,0
-0,161685,1,0
-0,2167749,1,0
-0,22995,1,0
-0,2390799,1,0
-0,2528787,1,0
-0,2700561,1,0
-0,2807556,1,0
-0,2926683,1,0
-0,3037866,1,0
-0,315402,1,0
-0,3264999,1,0
-0,3349395,1,0
-0,3478482,1,0
-0,3596634,1,0
-0,3691236,1,0
-0,3890247,1,0
-0,4012122,1,0
-0,4133481,1,0
-0,4261365,1,0
-0,4101444,1,0
-0,3999828,1,0
-0,3750711,1,0
-0,3605955,1,0
-0,3516378,1,0
-0,343188,1,0
-0,3309962,1,0
-0,3205692,1,0
-0,3117522,1,0
-0,303822,1,0
-0,2901288,1,0
-0,2679642,1,0
-0,2329188,1,0
-0,1829283,1,0
-0,1576047,1,0
-0,1413087,1,0
-0,1297209,1,0
-0,1192671,1,0
-0,109941,1,0
-0,1004475,1,0
-0,08901957,1,0
-0,07533117,1,0
-0,06770067,1,0
-0,05895837,1,0
-0,04983177,1,0
-0,04243227,1,0
-0,03321357,1,0
-0,02287767,1,0
-0,01464777,1,0
-0,007571071,1,0
-0,0002090707,1,0
0,1,0
0,1,0
0,1,0
0,1,0
0,1,0
0,1,0
0,1,0
0,1,0
0,1,0
0,1,0
0,1,0
0,1,0
0,1,0
0,1,0
0,1,0
0,1,0
0,1,0
0,1,0
0,1,0
0,1,0
0,1,0
0,1,0
0,1,0
0,1,0
0,1,0
0,1,0
0,1,0
0,1,0
0,1,0
0,1,0
0,1,0
0,1,0
0,1,0
0,1,0
0,1,0
0,1,0
0,1,0
0,1,0
0,1,0
0,1,0
0,1,0
0,1,0
0,1,0
0,1,0
0,1,0
0,1,0
0,1,0
0,1,0
0,1,0
0,1,0
0,1,0
0,1,0
0,1,0
0,1,0
0,1,0
0,1,0
0,1,0
0,1,0
0,1,0
0,1,0
0,1,0
0,1,0
0,1,0
0,1,0
0,1,0
0,1,0
0,1,0
0,1,0
0,1,0
0,1,0
0,1,0
0,1,0
0,1,0
0,1,0
0,1,0
0,1,0
0,1,0
0,1,0
0,1,0
0,1,0
0,1,0
0,1,0
0,1,0
0,1,0
0,1,0
0,1,0
0,1,0
0,1,0
0,1,0
0,1,0
0,1,0
0,1,0
0,1,0
0,1,0
0,1,0
0,1,0
0,1,0
0,1,0
0,1,0
0,1,0
0,1,0
0,1,0
0,1,0
0,1,0
0,1,0
0,1,0
0,1,0
0,1,0
0,1,0
0,1,0
0,1,0
0,1,0
0,1,0
0,1,0
0,1,0
0,1,0
0,1,0
0,1,0
0,1,0
0,1,0
0,1,0
0,1,0
0,1,0
0,1,0
0,1,0
0,1,0
0,1,0
0,1,0
0,1,0
0,1,0
0,1,0
0,1,0
0,1,0
0,1,0
0,1,0
0,1,0
0,1,0
0,1,0
0,1,0
0,1,0
0,1,0
0,1,0
0,1,0
0,1,0
0,1,0
0,1,0
0,1,0
0,1,0
0,1,0
0,1,0
0,1,0
0,1,0
0,1,0
0,1,0
0,1,0
0,1,0
0,1,0
0,1,0
0,1,0
0,1,0
0,1,0
0,1,0
0,1,0
0,1,0
0,1,0
0,1,0
0,1,0
0,1,0
0,1,0
0,1,0
0,1,0
0,1,0
0,1,0
0,1,0
0,1,0
0,1,0
0,1,0
0,1,0
0,1,0
0,1,0
0,0423267,1,0
0,0557256,1,0
0,0651222,1,0
0,0765663,1,0
0,0904137,1,0
0,101193,1,0
0,1124148,1,0
0,1202232,1,0
0,1334838,1,0
0,1458684,1,0
0,1545573,1,0
0,1689975,1,0
0,1845411,1,0
0,1955097,1,0
0,2058783,1,0
0,2196525,1,0
0,231684,1,0
0,2403621,1,0
0,2550132,1,0
0,2660244,1,0
0,2753811,1,0
0,2913285,1,0
0,3037332,1,0
0,3140856,1,0
0,3225759,1,0
0,335304,1,0
0,3471768,1,0
0,3543309,1,0
0,3623988,1,0
0,3736938,1,0
0,3876405,1,0
0,3969654,1,0
0,4084764,1,0
0,4210005,1,0
0,4284795,1,0
0,434787,1,0
0,4414737,1,0
0,4494294,1,0
0,4613028,1,0
0,5068482,1,0
0,5138025,1,0
0,5012517,1,0
0,4915389,1,0
0,4813674,1,0
0,4721691,1,0
0,4619208,1,0
0,453378,1,0
0,4371984,1,0
0,4300158,1,0
0,4239129,1,0
0,409416,1,0
0,3954534,1,0
0,3835902,1,0
0,3704964,1,0
0,362046,1,0
0,3481257,1,0
0,331263,1,0
0,3194715,1,0
0,3113637,1,0
0,3023232,1,0
0,293082,1,0
0,2848701,1,0
0,2758293,1,0
0,2673393,1,0
0,2580963,1,0
0,2484204,1,0
0,2399082,1,0
0,2309211,1,0
0,2237685,1,0
0,215616,1,0
0,2091501,1,0
0,2003091,1,0
0,1915365,1,0
0,1840746,1,0
0,1773906,1,0
0,1679043,1,0
0,1587264,1,0
0,1476537,1,0
0,1370745,1,0
0,1291014,1,0
0,122571,1,0
0,1145622,1,0
0,07897586,1,0
0,06553736,1,0
0,05894665,1,0
0,04949515,1,0
0,02624665,1,0
0,009370152,1,0
0,1,0
0,1,0
0,1,0
0,1,0
0,1,0
0,1,0
0,1,0
0,1,0
0,1,0
0,1,0
0,1,0
0,1,0
0,1,0
0,1,0
0,1,0
0,1,0
0,1,0
0,1,0
0,1,0
0,1,0
0,1,0
0,1,0
0,1,0
0,1,0
0,1,0
0,1,0
0,1,0
0,1,0
0,1,0
0,1,0
0,1,0
0,1,0
0,1,0
0,1,0
0,1,0
0,1,0
0,1,0
0,1,0
0,1,0
0,1,0
0,1,0
0,1,0
0,1,0
0,1,0
0,1,0
0,1,0
0,1,0
0,1,0
0,1,0
0,1,0
0,1,0
0,1,0
0,1,0
0,1,0
0,1,0
0,1,0
0,1,0
0,1,0
0,1,0
0,1,0
0,1,0
0,1,0
0,1,0
0,1,0
0,1,0
0,1,0
0,1,0
0,1,0
0,1,0
0,1,0
0,1,0
0,1,0
0,1,0
0,1,0
0,1,0
0,1,0
0,1,0
0,1,0
0,1,0
0,1,0
0,1,0
0,1,0
0,1,0
0,1,0
0,1,0
-0,0123519,1,0
-0,0516552,1,0
-0,0602526,1,0
-0,0696996,1,0
-0,0809526,1,0
-0,0894072,1,0
-0,0979803,1,0
-0,1037358,1,0
-0,1098507,1,0
-0,1152942,1,0
-0,123933,1,0
-0,1319652,1,0
-0,138969,1,0
-0,1459497,1,0
-0,1543635,1,0
-0,1605687,1,0
-0,1720047,1,0
-0,1829343,1,0
-0,1906332,1,0
-0,199908,1,0
-0,2067957,1,0
-0,2235009,1,0
-0,2309667,1,0
-0,2392323,1,0
-0,24552,1,0
-0,2515866,1,0
-0,2578488,1,0
-0,2645178,1,0
-0,2727807,1,0
-0,2829378,1,0
-0,3016515,1,0
-0,3085791,1,0
-0,319197,1,0
-0,3261471,1,0
-0,3351942,1,0
-0,3398577,1,0
-0,3471078,1,0
-0,3367338,1,0
-0,3216987,1,0
-0,2900496,1,0
-0,282516,1,0
-0,2746665,1,0
-0,2672535,1,0
-0,2595582,1,0
-0,2529006,1,0
-0,2455119,1,0
-0,2373243,1,0
-0,2277909,1,0
-0,1875474,1,0
-0,1783323,1,0
-0,1678887,1,0
-0,1603257,1,0
-0,1535781,1,0
-0,1481571,1,0
-0,142308,1,0
-0,1353114,1,0
-0,1265694,1,0
-0,1172667,1,0
-0,1068627,1,0
-0,1002558,1,0
-0,086325,1,0
-0,07970849,1,0
-0,07295819,1,0
-0,06478529,1,0
-0,05648369,1,0
-0,04754459,1,0
-0,04051979,1,0
-0,03347399,1,0
-0,02329109,1,0
-0,01154219,1,0
-0,004446592,1,0
0,1,0
0,1,0
0,1,0
0,1,0
0,1,0
0,1,0
0,1,0
0,1,0
0,1,0
0,1,0
0,1,0
0,1,0
0,1,0
0,1,0
0,1,0
0,1,0
0,1,0
0,1,0
0,1,0
0,1,0
0,1,0
0,1,0
0,1,0
0,1,0
0,1,0
0,1,0
0,1,0
0,1,0
0,1,0
0,1,0
0,1,0
0,1,0
0,1,0
0,1,0
0,1,0
0,1,0
0,1,0
0,1,0
0,1,0
0,1,0
0,1,0
0,1,0
0,1,0
0,1,0
0,1,0
0,1,0
0,1,0
0,1,0
0,1,0
0,1,0
0,1,0
0,1,0
0,1,0
0,1,0
0,1,0
0,1,0
0,1,0
0,1,0
0,1,0
0,1,0
0,1,0
0,1,0
0,1,0
0,1,0
0,1,0
0,1,0
0,1,0
0,1,0
0,1,0
0,1,0
0,1,0
0,1,0
0,1,0
0,1,0
0,1,0
0,1,0
0,1,0
0,1,0
0,1,0
0,1,0
0,1,0
0,1,0
0,1,0
0,1,0
0,1,0
0,1,0
0,1,0
0,1,0
0,1,0
0,1,0
0,1,0
0,1,0
0,1,0
0,1,0
0,1,0
0,1,0
0,1,0
0,1,0
0,1,0
0,1,0
0,1,0
0,1,0
0,1,0
0,1,0
0,1,0
0,1,0
0,1,0
0,1,0
-0,0135531,1,0
-0,0302907,1,0
-0,038013,1,0
-0,0441732,1,0
-0,0517011,1,0
-0,0602337,1,0
-0,0698994,1,0
-0,07739879,1,0
-0,08490449,1,0
-0,09167879,1,0
-0,1002567,1,0
-0,1091346,1,0
-0,1165179,1,0
-0,1263303,1,0
-0,1354575,1,0
-0,1470381,1,0
-0,1570791,1,0
-0,1641309,1,0
-0,1713012,1,0
-0,178857,1,0
-0,2269671,1,0
-0,2362371,1,0
-0,2453697,1,0
-0,2549274,1,0
-0,2667456,1,0
-0,2748738,1,0
-0,2883183,1,0
-0,2979666,1,0
-0,3084678,1,0
-0,3226617,1,0
-0,3326379,1,0
-0,3432312,1,0
-0,3525993,1,0
-0,3425379,1,0
-0,3255075,1,0
-0,3175479,1,0
-0,3108737,1,0
-0,3049422,1,0
-0,2969676,1,0
-0,2851869,1,0
-0,2730983,1,0
-0,26267,1,0
-0,2558075,1,0
-0,2456207,1,0
-0,2358776,1,0
-0,2243468,1,0
-0,2135634,1,0
-0,2049887,1,0
-0,197945,1,0
-0,1883591,1,0
-0,1718594,1,0
-0,160811,1,0
-0,1505171,1,0
-0,1415204,1,0
-0,1320089,1,0
-0,1235246,1,0
-0,1160057,1,0
-0,1075649,1,0
-0,09512723,1,0
-0,08612663,1,0
-0,07239383,1,0
-0,01843613,1,0
-0,007807434,1,0
0,1,0
0,1,0
0,1,0
0,1,0
0,1,0
0,1,0
0,1,0
0,1,0
0,1,0
0,1,0
0,1,0
0,1,0
0,1,0
0,1,0
0,1,0
0,1,0
0,1,0
0,1,0
0,1,0
0,1,0
0,1,0
0,1,0
0,1,0
0,1,0
0,1,0
0,1,0
0,1,0
0,1,0
0,1,0
0,1,0
0,1,0
0,1,0
0,1,0
0,1,0
0,1,0
0,1,0
0,1,0
0,1,0
0,1,0
0,1,0
0,1,0
0,1,0
0,1,0
0,1,0
0,1,0
0,1,0
0,1,0
0,1,0
0,1,0
0,1,0
0,1,0
0,1,0
0,1,0
0,1,0
0,1,0
0,1,0
0,1,0
0,1,0
0,1,0
0,1,0
0,1,0
0,1,0
0,1,0
0,1,0
0,1,0
0,1,0
0,1,0
0,1,0
0,1,0
0,1,0
0,1,0
0,1,0
0,1,0
0,1,0
0,1,0
0,1,0
0,1,0
0,1,0
0,1,0
0,1,0
0,1,0
0,1,0
0,1,0
0,1,0
0,1,0
0,1,0
0,1,0
0,1,0
0,1,0
0,1,0
0,1,0
0,1,0
0,1,0
0,1,0
0,1,0
0,1,0
0,1,0
0,1,0
0,1,0
0,1,0
0,1,0
0,1,0
0,1,0
0,1,0
0,1,0
0,1,0
0,1,0
0,1,0
0,1,0
0,1,0
0,1,0
0,1,0
0,1,0
0,1,0
0,1,0
0,1,0
0,1,0
0,1,0
0,1,0
0,1,0
0,1,0
0,1,0
0,1,0
0,1,0
0,1,0
0,1,0
0,1,0
0,1,0
0,1,0
0,1,0
0,1,0
0,1,0
0,1,0
0,1,0
0,1,0
0,1,0
0,1,0
0,1,0
0,1,0
0,1,0
0,1,0
0,1,0
0,1,0
0,1,0
0,1,0
0,1,0
0,1,0
0,1,0
0,1,0
0,1,0
0,1,0
0,1,0
0,1,0
0,1,0
0,1,0
0,1,0
0,1,0
0,1,0
0,1,0
0,1,0
0,1,0
0,1,0
0,1,0
0,1,0
0,1,0
0,1,0
0,1,0
0,1,0
0,1,0
0,1,0
0,1,0
0,1,0
0,1,0
0,1,0
0,1,0
0,1,0
0,1,0
0,1,0
0,1,0
0,1,0
0,1,0
0,1,0
0,1,0
0,0109095,1,0
0,0276951,1,0
0,0355704,1,0
0,0447924,1,0
0,0523293,1,0
0,0585873,1,0
0,065493,1,0
0,0721635,1,0
0,0811575,1,0
0,0904797,1,0
0,1010808,1,0
0,111495,1,0
0,1192179,1,0
0,1266711,1,0
0,1345434,1,0
0,1421547,1,0
0,1493037,1,0
0,1558473,1,0
0,1634964,1,0
0,1714818,1,0
0,1779696,1,0
0,1867242,1,0
0,192987,1,0
0,2040183,1,0
0,2122149,1,0
0,2222442,1,0
0,2306295,1,0
0,2392386,1,0
0,2506149,1,0
0,2794371,1,0
0,2866428,1,0
0,2957574,1,0
0,3067236,1,0
0,3154353,1,0
0,325095,1,0
0,335937,1,0
0,3470034,1,0
0,3591084,1,0
0,3724836,1,0
0,3804708,1,0
0,3870606,1,0
0,3480963,1,0
0,3373745,1,0
0,3319235,1,0
0,3257312,1,0
0,3191741,1,0
0,3112463,1,0
0,303608,1,0
0,2974343,1,0
0,2906642,1,0
0,285047,1,0
0,2731505,1,0
0,2645807,1,0
0,2583716,1,0
0,2513423,1,0
0,2436758,1,0
0,2363618,1,0
0,2280077,1,0
0,2217992,1,0
0,2155016,1,0
0,2101379,1,0
0,2044553,1,0
0,1969253,1,0
0,1878236,1,0
0,1815581,1,0
0,1715114,1,0
0,1637603,1,0
0,1568651,1,0
0,1508051,1,0
0,1440992,1,0
0,1380584,1,0
0,1293137,1,0
0,1222472,1,0
0,1151195,1,0
0,1068701,1,0
0,1001585,1,0
0,09301279,1,0
0,08591569,1,0
0,07885309,1,0
0,06923179,1,0
0,06228589,1,0
0,05402239,1,0
0,04648759,1,0
0,02777629,1,0
0,01106959,1,0
0,003865993,1,0
0,1,0
0,1,0
0,1,0
0,1,0
0,1,0
0,1,0
0,1,0
0,1,0
0,1,0
0,1,0
0,1,0
0,1,0
0,1,0
0,1,0
0,1,0
0,1,0
0,1,0
0,1,0
0,1,0
0,1,0
0,1,0
0,1,0
0,1,0
0,1,0
0,1,0
0,1,0
0,1,0
0,1,0
0,1,0
0,1,0
0,1,0
0,1,0
0,1,0
0,1,0
0,1,0
0,1,0
0,1,0
0,1,0
0,1,0
0,1,0
0,1,0
0,1,0
0,1,0
0,1,0
0,1,0
0,1,0
0,1,0
0,1,0
0,1,0
0,1,0
0,1,0
0,1,0
0,1,0
0,1,0
0,1,0
0,1,0
0,1,0
0,1,0
0,1,0
0,1,0
0,1,0
-0,0111162,1,0
-0,02145,1,0
-0,0273894,1,0
-0,0369564,1,0
-0,0437097,1,0
-0,0522837,1,0
-0,06063,1,0
-0,0712035,1,0
-0,0797661,1,0
-0,0881247,1,0
-0,0959994,1,0
-0,1028628,1,0
-0,1084764,1,0
-0,1135152,1,0
-0,1204281,1,0
-0,1291803,1,0
-0,1399263,1,0
-0,1497684,1,0
-0,1557756,1,0
-0,1635174,1,0
-0,1729515,1,0
-0,181422,1,0
-0,1880019,1,0
-0,1974624,1,0
-0,2100492,1,0
-0,2175549,1,0
-0,2245236,1,0
-0,2331933,1,0
-0,2419017,1,0
-0,249894,1,0
-0,2580564,1,0
-0,2636856,1,0
-0,2746278,1,0
-0,2642877,1,0
-0,2564085,1,0
-0,2505462,1,0
-0,2449197,1,0
-0,2390658,1,0
-0,2297631,1,0
-0,2219952,1,0
-0,2055453,1,0
-0,1982688,1,0
-0,1893693,1,0
-0,1821021,1,0
-0,1744557,1,0
-0,1635933,1,0
-0,1275723,1,0
-0,1205367,1,0
-0,1107831,1,0
-0,1006299,1,0
-0,0938223,1,0
-0,086397,1,0
-0,0776757,1,0
-0,0647238,1,0
-0,0576042,1,0
-0,04789351,1,0
-0,03760981,1,0
-0,02939131,1,0
-0,02308891,1,0
-0,01526521,1,0
-0,006036907,1,0
0,1,0
0,1,0
0,1,0
0,1,0
0,1,0
0,1,0
0,1,0
0,1,0
0,1,0
0,1,0
0,1,0
0,1,0
0,1,0
0,1,0
0,1,0
0,1,0
0,1,0
0,1,0
0,1,0
0,1,0
0,1,0
0,1,0
0,1,0
0,1,0
0,1,0
0,1,0
0,1,0
0,1,0
0,1,0
0,1,0
0,1,0
0,1,0
0,1,0
0,1,0
0,1,0
0,1,0
0,1,0
0,1,0
0,1,0
0,1,0
0,1,0
0,1,0
0,1,0
0,1,0
0,1,0
0,1,0
0,1,0
0,1,0
0,1,0
0,1,0
0,1,0
0,1,0
0,1,0
0,1,0
0,1,0
0,1,0
0,1,0
0,1,0
0,1,0
0,1,0
0,1,0
0,1,0
0,1,0
0,1,0
0,1,0
0,1,0
0,1,0
0,1,0
0,1,0
0,1,0
0,1,0
0,1,0
0,1,0
0,1,0
0,1,0
0,1,0
0,1,0
0,1,0
0,1,0
0,1,0
0,1,0
0,1,0
0,1,0
0,1,0
0,1,0
0,1,0
0,1,0
0,1,0
0,1,0
0,1,0
0,1,0
0,1,0
0,1,0
0,1,0
0,1,0
0,1,0
0,1,0
0,1,0
0,1,0
0,1,0
0,1,0
0,1,0
0,1,0
0,1,0
0,1,0
0,1,0
0,1,0
0,1,0
0,1,0
0,1,0
0,1,0
0,1,0
0,1,0
0,1,0
0,1,0
0,1,0
0,1,0
0,1,0
0,1,0
0,1,0
0,1,0
0,1,0
0,1,0
0,1,0
0,1,0
0,1,0
0,1,0
0,1,0
0,1,0
0,1,0
0,1,0
0,1,0
0,1,0
0,1,0
0,1,0
0,1,0
0,1,0
0,1,0
0,1,0
0,1,0
0,1,0
0,1,0
0,1,0
0,1,0
0,1,0
0,1,0
0,1,0
0,1,0
0,1,0
0,1,0
0,1,0
0,1,0
0,1,0
0,1,0
0,1,0
0,1,0
0,1,0
0,1,0
0,1,0
0,1,0
0,1,0
0,1,0
0,1,0
0,1,0
0,1,0
0,1,0
0,1,0
0,1,0
0,1,0
0,1,0
0,1,0
0,1,0
0,1,0
0,1,0
0,1,0
0,1,0
0,1,0
0,1,0
0,1,0
0,1,0
0,1,0
0,1,0
0,1,0
0,1,0
0,1,0
0,1,0
0,1,0
0,1,0
0,1,0
0,1,0
0,1,0
0,1,0
0,1,0
0,1,0
0,1,0
0,1,0
0,1,0
0,1,0
0,1,0
0,1,0
0,1,0
0,1,0
0,1,0
0,1,0
0,1,0
0,1,0
0,1,0
0,1,0
0,1,0
0,1,0
0,1,0
0,1,0
0,1,0
0,1,0
0,1,0
0,1,0
0,1,0
0,1,0
0,1,0
0,1,0
0,1,0
0,1,0
0,1,0
0,1,0
0,1,0
0,1,0
0,1,0
0,1,0
0,1,0
0,1,0
0,1,0
0,1,0
0,1,0
0,1,0
0,1,0
0,1,0
0,1,0
0,1,0
0,1,0
0,1,0
0,1,0
0,1,0
0,1,0
0,1,0
0,1,0
0,1,0
0,1,0
0,1,0
0,1,0
0,1,0
0,1,0
0,1,0
0,1,0
0,1,0
0,1,0
0,1,0
0,1,0
0,1,0
0,1,0
0,1,0
0,1,0
0,1,0
0,1,0
0,1,0
0,1,0
0,1,0
0,1,0
0,1,0
0,1,0
0,1,0
0,1,0
0,1,0
0,1,0
0,1,0
0,1,0
0,1,0
0,1,0
0,1,0
0,1,0
0,1,0
0,1,0
0,1,0
0,1,0
0,1,0
0,1,0
0,1,0
0,1,0
0,1,0
0,1,0
0,1,0
0,1,0
0,1,0
0,1,0
0,1,0
0,1,0
-0,0103113,1,0
-0,0164583,1,0
-0,0215658,1,0
-0,0271341,1,0
-0,0346557,1,0
-0,0430218,1,0
-0,0492315,1,0
-0,0606321,1,0
-0,0697311,1,0
-0,0783681,1,0
-0,0849564,1,0
-0,0922536,1,0
-0,1001298,1,0
-0,108636,1,0
-0,1152087,1,0
-0,1208229,1,0
-0,1270959,1,0
-0,1327488,1,0
-0,1416081,1,0
-0,1511286,1,0
-0,1596225,1,0
-0,1723386,1,0
-0,1784292,1,0
-0,1860852,1,0
-0,1931703,1,0
-0,2021922,1,0
-0,2109363,1,0
-0,1973544,1,0
-0,1835658,1,0
-0,1772289,1,0
-0,1716759,1,0
-0,1619562,1,0
-0,1518585,1,0
-0,1410948,1,0
-0,129918,1,0
-0,1209102,1,0
-0,1119636,1,0
-0,06807543,1,0
-0,05580183,1,0
-0,04815423,1,0
-0,03537963,1,0
-0,02399523,1,0
-0,01385763,1,0
-0,005553334,1,0
0,1,0
0,1,0
0,1,0
0,1,0
0,1,0
0,1,0
0,1,0
0,1,0
0,1,0
0,1,0
0,1,0
0,1,0
0,1,0
0,1,0
0,1,0
0,1,0
0,1,0
0,1,0
0,1,0
0,1,0
0,1,0
0,1,0
0,1,0
0,1,0
0,1,0
0,1,0
0,1,0
0,1,0
0,1,0
0,1,0
0,1,0
0,1,0
0,1,0
0,1,0
0,1,0
0,1,0
0,1,0
0,1,0
0,1,0
0,1,0
0,1,0
0,1,0
0,1,0
0,1,0
0,1,0
0,1,0
0,1,0
0,1,0
0,1,0
0,1,0
0,1,0
0,1,0
0,1,0
0,1,0
0,1,0
0,1,0
0,1,0
0,1,0
0,1,0
0,1,0
0,1,0
0,1,0
0,1,0
0,1,0
0,1,0
0,1,0
0,1,0
0,1,0
0,1,0
0,1,0
0,1,0
0,1,0
0,1,0
0,1,0
0,1,0
0,1,0
0,1,0
0,1,0
0,1,0
0,1,0
0,1,0
0,1,0
0,1,0
0,1,0
0,1,0
0,1,0
0,1,0
0,1,0
0,1,0
0,1,0
0,1,0
0,1,0
0,1,0
0,1,0
0,1,0
0,1,0
0,1,0
0,1,0
0,1,0
0,1,0
0,1,0
0,1,0
0,1,0
0,1,0
0,1,0
0,1,0
0,1,0
0,1,0
0,1,0
0,1,0
0,1,0
0,1,0
0,1,0
0,1,0
0,1,0
0,1,0
0,1,0
0,1,0
0,1,0
0,1,0
0,1,0
0,1,0
0,1,0
0,1,0
0,1,0
0,1,0
0,1,0
0,1,0
0,1,0
0,1,0
0,1,0
0,1,0
0,1,0
0,1,0
0,1,0
0,1,0
0,1,0
0,1,0
0,1,0
0,1,0
0,1,0
0,1,0
0,1,0
0,1,0
0,1,0
0,1,0
0,1,0
0,1,0
0,1,0
0,1,0
0,1,0
0,1,0
0,1,0
0,1,0
0,1,0
0,1,0
0,1,0
0,1,0
0,1,0
0,1,0
0,1,0
0,1,0
0,1,0
0,1,0
0,1,0
0,1,0
0,1,0
0,1,0
0,1,0
0,1,0
0,1,0
0,1,0
0,1,0
0,1,0
0,1,0
0,1,0
0,1,0
0,1,0
0,1,0
0,1,0
0,1,0
0,1,0
0,1,0
0,1,0
0,1,0
0,1,0
0,1,0
0,1,0
0,1,0
0,1,0
0,1,0
0,1,0
0,1,0
0,1,0
0,1,0
0,1,0
0,1,0
0,1,0
0,1,0
0,1,0
0,1,0
0,1,0
0,1,0
0,1,0
0,1,0
0,1,0
0,1,0
0,1,0
0,1,0
0,1,0
0,1,0
0,1,0
0,1,0
0,1,0
0,1,0
0,1,0
0,1,0
0,1,0
0,1,0
0,1,0
0,1,0
0,1,0
0,1,0
0,1,0
0,1,0
0,1,0
0,1,0
0,1,0
0,1,0
0,1,0
0,1,0
0,1,0
0,1,0
0,1,0
0,1,0
0,1,0
0,1,0
0,1,0
0,1,0
0,1,0
0,1,0
0,1,0
0,1,0
0,1,0
0,1,0
0,1,0
0,1,0
0,1,0
0,1,0
0,1,0
0,1,0
0,1,0
0,1,0
0,1,0
0,1,0
0,1,0
0,1,0
0,1,0
0,1,0
0,1,0
0,1,0
0,1,0
0,1,0
0,1,0
0,1,0
0,1,0
0,1,0
0,1,0
0,1,0
0,1,0
0,1,0
0,1,0
0,1,0
0,1,0
0,1,0
0,1,0
0,1,0
0,1,0
0,1,0
0,1,0
0,1,0
0,1,0
0,1,0
0,1,0
0,1,0
0,1,0
0,1,0
0,1,0
0,1,0
0,1,0
0,1,0
0,1,0
0,1,0
0,1,0
0,1,0
0,1,0
0,1,0
0,1,0
0,1,0
0,1,0
0,1,0
0,1,0
0,1,0
0,1,0
0,1,0
0,1,0
0,1,0
0,1,0
0,1,0
0,1,0
0,1,0
0,1,0
0,1,0
0,1,0
0,1,0
0,1,0
0,1,0
0,1,0
0,1,0
0,1,0
0,1,0
0,1,0
0,1,0
0,1,0
0,1,0
0,1,0
0,1,0
0,1,0
0,1,0
0,1,0
0,1,0
0,1,0
0,1,0
0,1,0
0,1,0
0,1,0
0,1,0
0,1,0
0,1,0
0,1,0
0,1,0
0,1,0
0,1,0
0,1,0
0,1,0
0,1,0
0,1,0
0,1,0
0,1,0
0,1,0
0,1,0
0,1,0
0,1,0
0,1,0
0,1,0
0,1,0
0,1,0
0,1,0
0,1,0
0,1,0
0,1,0
0,1,0
0,1,0
0,1,0
0,1,0
0,1,0
0,1,0
0,1,0
0,1,0
0,1,0
0,1,0
0,1,0
0,1,0
0,1,0
0,1,0
0,1,0
0,1,0
0,1,0
0,1,0
0,1,0
0,1,0
0,1,0
0,1,0
0,1,0
0,1,0
0,1,0
0,1,0
0,1,0
0,1,0
0,1,0
0,1,0
0,1,0
0,1,0
0,1,0
0,1,0
0,1,0
0,1,0
0,1,0
0,1,0
0,1,0
0,1,0
0,1,0
0,1,0
0,1,0
0,1,0
0,1,0
0,1,0
0,1,0
0,1,0
0,1,0
0,1,0
0,1,0
0,1,0
0,1,0
0,1,0
0,1,0
0,1,0
0,1,0
0,1,0
0,1,0
0,1,0
0,1,0
0,1,0
0,1,0
0,1,0
0,1,0
0,1,0
0,1,0
0,1,0
0,1,0
0,1,0
0,1,0
0,1,0
0,1,0
0,1,0
0,1,0
0,1,0
0,1,0
0,1,0
0,1,0
0,1,0
0,1,0
0,1,0
0,1,0
0,1,0
0,1,0
0,1,0
0,1,0
0,1,0
0,1,0
0,1,0
0,1,0
0,1,0
0,1,0
0,1,0
0,1,0
0,1,0
0,1,0
0,1,0
0,1,0
0,1,0
0,1,0
0,1,0
0,1,0
0,1,0
0,1,0
0,1,0
0,1,0
0,1,0
0,1,0
0,1,0
0,1,0
0,1,0
0,1,0
0,1,0
0,1,0
0,1,0
0,1,0
0,1,0
0,1,0
0,1,0
0,1,0
0,1,0
0,1,0
0,1,0
0,1,0
0,1,0
0,1,0
0,1,0
0,1,0
0,1,0
0,1,0
0,1,0
0,1,0
0,1,0
0,1,0
0,1,0
0,1,0
0,1,0
0,1,0
0,1,0
0,1,0
0,1,0
0,1,0
0,1,0
0,1,0
0,1,0
0,1,0
0,1,0
0,1,0
0,1,0
0,1,0
0,1,0
0,1,0
0,1,0
0,1,0
0,1,0
0,1,0
0,1,0
0,1,0
0,1,0
0,1,0
0,1,0
0,1,0
0,1,0
0,1,0
0,1,0
0,1,0
0,1,0
0,1,0
0,1,0
0,1,0
0,1,0
0,1,0
0,1,0
0,1,0
0,1,0
0,1,0
0,1,0
0,1,0
0,1,0
0,1,0
0,1,0
0,1,0
0,1,0
0,1,0
0,1,0
0,1,0
0,1,0
0,1,0
0,1,0
0,1,0
0,1,0
0,1,0
0,1,0
0,1,0
0,1,0
0,1,0
0,1,0
0,1,0
0,1,0
0,1,0
0,1,0
0,1,0
0,1,0
0,1,0
0,1,0
0,1,0
0,1,0
0,1,0
0,1,0
0,1,0
0,1,0
0,1,0
0,1,0
0,1,0
0,1,0
0,1,0
0,0,985849,0
0,0,9668557,0
0,0,9600151,0
0,0,9452326,0
0,0,9382144,0
0,0,9299674,0
0,0,9094003,0
0,0,9035794,0
0,0,8950434,0
0,0,8812032,0
0,0,8733252,0
0,0,8609802,0
0,0,8556318,0
0,0,8462826,0
0,0,8384955,0
0,0,816225,0
0,0,8103288,0
0,0,8028486,0
0,0,7933004,0
0,0,7845891,0
0,0,7772726,0
0,0,769182,0
0,0,759914,0
0,0,7497705,0
0,0,7387818,0
0,0,7209101,0
0,0,7141472,0
0,0,7056755,0
0,0,697721,0
0,0,6903689,0
0,0,6736211,0
0,0,629627,0
0,0,6202262,0
0,0,6133535,0
0,0,6052868,0
0,0,5958185,0
0,0,5887673,0
0,0,5806487,0
0,0,5746534,0
0,0,566386,0
0,0,5573938,0
0,0,5427002,0
0,0,5325425,0
0,0,5070713,0
0,0,5001056,0
0,0,494021,0
0,0,485501,0
0,0,4777853,0
0,0,4707302,0
0,0,4631566,0
0,0,4557406,0
0,0,4463572,0
0,0,4370848,0
0,0,4159072,0
0,0,4099003,0
0,0,4021936,0
0,0,3950674,0
0,0,3880777,0
0,0,3771676,0
0,0,368638,0
0,0,3617302,0
0,0,3531629,0
0,0,341125,0
0,0,3250721,0
0,0,3148847,0
0,0,3077339,0
0,0,2996459,0
0,0,2938175,0
0,0,2888012,0
0,0,2822675,0
0,0,2758085,0
0,0,2691584,0
0,0,2610566,0
0,0,2516738,0
0,0,2423195,0
0,0,2336159,0
0,0,2212706,0
0,0,1836818,0
0,0,1761875,0
0,0,1698287,0
0,0,1625468,0
0,0,1572593,0
0,0,1470494,0
0,0,1376083,0
0,0,1306877,0
0,0,1213562,0
0,0,1068737,0
0,0,1003577,0
0,0,09452235,0
0,0,08614665,0
0,0,07815436,0
0,0,07134795,0
0,0,06377235,0
0,0,05696715,0
0,0,04708245,0
0,0,03718275,0
0,0,01681965,0
0,0,005521649,0
0,0,0
0,0,0
0,0,0
0,0,0
0,0,0
0,0,0
0,0,0
0,0,0
0,0,0
0,0,0
0,0,0
0,0,0
0,0,0
0,0,0
0,0,0
0,0,0
0,0,0
0,0,0
0,0,0
0,0,0
0,0,0
0,0,0
0,0,0
0,0,0
0,0,0
0,0,0
0,0,0
0,0,0
0,0,0
0,0,0
0,0,0
0,0,0
0,0,0
0,0,0
0,0,0
0,0,0
0,0,0
0,0,0
0,0,0
0,0,0
0,0,0
0,0,0
0,0,0
0,0,0
0,0,0
0,0,0
0,0,0
0,0,0
0,0,0
0,0,0
0,0,0
0,0,0
0,0,0
0,0,0
0,0,0
0,0,0
0,0,0
0,0,0
0,0,0
0,0,0
0,0,0
0,0,0
0,0,0
0,0,0
0,0,0
0,0,0
0,0,0
0,0,0
0,0,0
0,0,0
0,0,0
0,0,0
0,0,0
0,0,0
0,0,0
0,0,0
0,0,0
0,0,0
0,0,0
0,0,0
0,0,0
0,0,0
0,0,0
0,0,0
0,0,0
0,0,0
0,0,0
0,0,0
0,0,0
0,0,0
0,0,0
0,0,0
0,0,0
0,0,0
0,0,0
0,0,0
0,0,0
0,0,0
0,0,0
0,0,0
0,0,0
0,0,0
0,0,0
0,0,0
0,0,0
0,0,0
0,0,0
0,0,0
0,0,0
0,0,0
0,0,0
0,0,0
0,0,0
0,0,0
0,0,0
0,0,0
0,0,0
0,0,0
0,0,0
0,0,0
0,0,0
0,0,0
0,0,0
0,0,0
0,0,0
0,0,0
0,0,0
0,0,0
0,0,0
0,0,0
0,0,0
0,0,0
0,0,0
0,0,0
0,0,0
0,0,0
0,0,0
0,0,0
0,0,0
0,0,0
0,0,0
0,0,0
0,0,0
0,0,0
0,0,0
0,0,0
0,0,0
0,0,0
0,0,0
0,0,0
0,0,0
0,0,0
0,0,0
0,0,0
0,0,0
0,0,0
0,0,0
0,0,0
0,0,0
0,0,0
0,0,0
0,0,0
0,0,0
0,0,0
0,0,0
0,0,0
0,0,0
0,0,0
0,0,0
0,0,0
0,0,0
0,0,0
0,0,0
0,0,0
0,0,0
0,0,0
0,0,0
0,0,0
0,0,0
0,0,0
0,0,0
0,0,0
0,0,0
0,0,0
0,0,0
0,0,0
0,0,0
0,0,0
0,0,0
0,0,0
0,0,0
0,0,0
0,0,0
0,0,0
0,0,0
0,0,0
0,0,0
0,0,0
0,0,0
0,0,0
0,0,0
0,0,0
0,0,0
0,0,0
0,0,0
0,0,0
0,0,0
0,0,0
0,0,0
0,0,0
0,0,0
0,0,0
0,0,0
0,0,0
0,0,0
0,0,0
0,0,0
0,0,0
0,0,0
0,0,0
0,0,0
0,0,0
0,0,0
0,0,0
0,0,0
0,0,0
0,0,0
0,0,0
0,0,0
0,0,0
0,0,0
0,0,0
0,0,0
0,0,0
0,0,0
0,0,0
0,0,0
0,0,0
0,0,0
0,0,0
0,0,0
0,0,0
0,0,0
0,0,0
0,0,0
0,0,0
0,0,0
0,0,0
0,0,0
0,0,0
0,0,0
0,0,0
0,0,0
0,0,0
0,0,0
0,0,0
0,0,0
0,0,0
0,0,0
0,0,0
0,0,0
0,0,0
0,0,0
0,0,0
0,0,0
0,0,0
0,0,0
0,0,0
0,0,0
0,0,0
0,0,0
0,0,0
0,0,0
0,0,0
0,0,0
0,0,0
0,0,0
0,0,0
0,0,0
0,0,0
0,0,0
0,0,0
0,0,0
0,0,0
0,0,0
0,0,0
0,0,0
0,0,0
0,0,0
0,0,0
0,0,0
0,0,0
0,0,0
0,0,0
0,0,0
0,0,0
0,0,0
0,0,0
0,0,0
0,0,0
0,0,0
0,0,0
0,0,0
0,0,0
0,0,0
0,0,0
0,0,0
0,0,0
0,0,0
0,0,0
0,0,0
0,0,0
0,0,0
0,0,0
0,0,0
0,0,0
0,0,0
0,0,0
0,0,0
0,0,0
0,0,0
0,0,0
0,0,0
0,0,0
0,0,0
0,0,0
0,0,0
0,0,0
0,0,0
0,0,0
0,0,0
0,0,0
0,0,0
0,0,0
0,0,0
0,0,0
0,0,0
0,0,0
0,0,0
0,0,0
0,0,0
0,0,0
0,0,0
0,0,0
0,0,0
0,0,0
0,0,0
0,0,0
0,0,0
0,0,0
0,0,0
0,0,0
0,0,0
0,0,0
0,0,0
0,0,0
0,0,0
0,0,0
0,0,0
0,0,0
0,0,0
0,0,0
0,0,0
0,0,0
0,0,0
0,0,0
0,0,0
0,0,0
0,0,0
0,0,0
0,0,0
0,0,0
0,0,0
0,0,0
0,0,0
0,0,0
0,0,0
0,0,0
0,0,0
0,0,0
0,0,0
0,0,0
0,0,0
0,0,0
0,0,0
0,0,0
0,0,0
0,0,0
0,0,0
0,0,0
0,0,0
0,0,0
0,0,0
0,0,0
0,0,0
0,0,0
0,0,0
0,0,0
0,0,0
0,0,0
0,0,0
0,0,0
0,0,0
0,0,0
0,0,0
0,0,0
0,0,0
0,0,0
0,0,0
0,0,0
0,0,0
0,0,0
0,0,0
0,0,0
0,0,0
0,0,0
0,0,0
0,0,0
0,0,0
0,0,0
0,0,0
0,0,0
0,0,0
0,0,0
0,0,0
0,0,0
0,0,0
0,0,0
0,0,0
0,0,0
0,0,0
0,0,0
0,0,0
0,0,0
0,0,0
0,0,0
0,0,0
0,0,0
0,0,0
0,0,0
0,0,0
0,0,0
0,0,0
0,0,0
0,0,0
0,0,0
0,0,0
0,0,0
0,0,0
0,0,0
0,0,0
0,0,0
0,0,0
0,0,0
0,0,0
0,0,0
0,0,0
0,0,0
0,0,0
0,0,0
0,0,0
0,0,0
0,0,0
0,0,0
0,0,0
0,0,0
0,0,0
0,0,0
0,0,0
0,0,0
0,0,0
0,0,0
0,0,0
0,0,0
0,0,0
0,0,0
0,0,0
0,0,0
0,0,0
0,0,0
0,0,0
0,0,0
0,0,0
0,0,0
0,0,0
0,0,0
0,0,0
0,0,0
0,0,0
0,0,0
0,0,0
0,0,0
0,0,0
0,0,0
0,0,0
0,0,0
0,0,0
0,0,0
0,0,0
0,0,0
0,0,0
0,0,0
0,0,0
0,0,0
0,0,0
0,0,0
0,0,0
0,0,0
0,0,0
0,0,0
